timestamp,lowest_price,page_lowest_price,computed_min_price,median_sale,num_listings,event_url,all_prices
2025-08-23T13:26:14.863399-04:00,344.25,344.25,344.25,,49,https://www.maizetix.com/games/171,"[344.25, 344.25, 349.5, 349.5, 354.75, 362.1, 364.2, 365.25, 370.5, 370.5, 370.5, 370.5, 370.5, 370.5, 370.5, 370.5, 370.5, 370.5, 371.29, 379.0, 380.79, 386.25, 396.75, 402.0, 410.4, 420.0, 423.0, 423.0, 423.0, 423.0, 423.0, 423.0, 425.0, 444.0, 454.5, 465.0, 475.5, 501.75, 527.9, 528.0, 528.0, 528.0, 528.0, 648.75, 649.8, 685.5, 685.5, 685.5, 1499.25]"
2025-08-23T13:29:35.476496-04:00,344.25,344.25,344.25,,49,https://www.maizetix.com/games/171,"[344.25, 344.25, 349.5, 349.5, 354.75, 362.1, 364.2, 365.25, 370.5, 370.5, 370.5, 370.5, 370.5, 370.5, 370.5, 370.5, 370.5, 370.5, 371.29, 379.0, 380.79, 386.25, 396.75, 402.0, 410.4, 420.0, 423.0, 423.0, 423.0, 423.0, 423.0, 423.0, 425.0, 444.0, 454.5, 465.0, 475.5, 501.75, 527.9, 528.0, 528.0, 528.0, 528.0, 648.75, 649.8, 685.5, 685.5, 685.5, 1499.25]"
2025-08-23T13:38:06.934157-04:00,344.25,344.25,344.25,,49,https://www.maizetix.com/games/171,"[344.25, 344.25, 349.5, 349.5, 354.75, 362.1, 364.2, 365.25, 370.5, 370.5, 370.5, 370.5, 370.5, 370.5, 370.5, 370.5, 370.5, 370.5, 371.29, 379.0, 380.79, 386.25, 396.75, 402.0, 410.4, 420.0, 423.0, 423.0, 423.0, 423.0, 423.0, 423.0, 425.0, 444.0, 454.5, 465.0, 475.5, 501.75, 527.9, 528.0, 528.0, 528.0, 528.0, 648.75, 649.8, 685.5, 685.5, 685.5, 1499.25]"
2025-08-23T13:45:02.570608-04:00,344.25,344.25,344.25,,49,https://www.maizetix.com/games/171,"[344.25, 344.25, 349.5, 349.5, 354.75, 362.1, 364.2, 365.25, 370.5, 370.5, 370.5, 370.5, 370.5, 370.5, 370.5, 370.5, 370.5, 370.5, 371.29, 379.0, 380.79, 386.25, 396.75, 402.0, 410.4, 420.0, 423.0, 423.0, 423.0, 423.0, 423.0, 423.0, 425.0, 444.0, 454.5, 465.0, 475.5, 501.75, 527.9, 528.0, 528.0, 528.0, 528.0, 648.75, 649.8, 685.5, 685.5, 685.5, 1499.25]"
2025-08-23T13:51:57.540299-04:00,344.25,344.25,344.25,,49,https://www.maizetix.com/games/171,"[344.25, 344.25, 349.5, 349.5, 354.75, 362.1, 364.2, 365.25, 370.5, 370.5, 370.5, 370.5, 370.5, 370.5, 370.5, 370.5, 370.5, 370.5, 371.29, 379.0, 380.79, 386.25, 396.75, 402.0, 410.4, 420.0, 423.0, 423.0, 423.0, 423.0, 423.0, 423.0, 425.0, 444.0, 454.5, 465.0, 475.5, 501.75, 527.9, 528.0, 528.0, 528.0, 528.0, 648.75, 649.8, 685.5, 685.5, 685.5, 1499.25]"
2025-08-23T13:58:49.550439-04:00,344.25,344.25,344.25,,49,https://www.maizetix.com/games/171,"[344.25, 344.25, 349.5, 349.5, 354.75, 362.1, 364.2, 365.25, 370.5, 370.5, 370.5, 370.5, 370.5, 370.5, 370.5, 370.5, 370.5, 370.5, 371.29, 379.0, 380.79, 386.25, 396.75, 402.0, 410.4, 420.0, 423.0, 423.0, 423.0, 423.0, 423.0, 423.0, 425.0, 444.0, 454.5, 465.0, 475.5, 501.75, 527.9, 528.0, 528.0, 528.0, 528.0, 648.75, 649.8, 685.5, 685.5, 685.5, 1499.25]"
2025-08-23T14:25:06.977876-04:00,344.25,344.25,344.25,,49,https://www.maizetix.com/games/171,"[344.25, 344.25, 349.5, 349.5, 354.75, 362.1, 364.2, 365.25, 370.5, 370.5, 370.5, 370.5, 370.5, 370.5, 370.5, 370.5, 370.5, 370.5, 371.29, 379.0, 380.79, 386.25, 396.75, 402.0, 410.4, 420.0, 423.0, 423.0, 423.0, 423.0, 423.0, 423.0, 425.0, 444.0, 454.5, 465.0, 475.5, 501.75, 527.9, 528.0, 528.0, 528.0, 528.0, 648.75, 649.8, 685.5, 685.5, 685.5, 1499.25]"
2025-08-23T14:42:22.825126-04:00,344.25,344.25,344.25,,50,https://www.maizetix.com/games/171,"[344.25, 344.25, 349.5, 349.5, 354.75, 362.1, 364.2, 365.25, 370.5, 370.5, 370.5, 370.5, 370.5, 370.5, 370.5, 370.5, 370.5, 370.5, 371.29, 379.0, 380.79, 386.25, 396.75, 402.0, 410.4, 420.0, 423.0, 423.0, 423.0, 423.0, 423.0, 423.0, 423.0, 425.0, 444.0, 454.5, 465.0, 475.5, 501.75, 527.9, 528.0, 528.0, 528.0, 528.0, 648.75, 649.8, 685.5, 685.5, 685.5, 1499.25]"
2025-08-23T14:51:39.562645-04:00,344.25,344.25,344.25,,50,https://www.maizetix.com/games/171,"[344.25, 344.25, 349.5, 349.5, 354.75, 362.1, 364.2, 365.25, 370.5, 370.5, 370.5, 370.5, 370.5, 370.5, 370.5, 370.5, 370.5, 370.5, 371.29, 379.0, 380.79, 386.25, 396.75, 402.0, 410.4, 420.0, 423.0, 423.0, 423.0, 423.0, 423.0, 423.0, 423.0, 425.0, 444.0, 454.5, 465.0, 475.5, 501.75, 527.9, 528.0, 528.0, 528.0, 528.0, 648.75, 649.8, 685.5, 685.5, 685.5, 1499.25]"
2025-08-23T14:58:38.869414-04:00,344.25,344.25,344.25,,50,https://www.maizetix.com/games/171,"[344.25, 344.25, 349.5, 349.5, 354.75, 362.1, 364.2, 365.25, 370.5, 370.5, 370.5, 370.5, 370.5, 370.5, 370.5, 370.5, 370.5, 370.5, 371.29, 379.0, 380.79, 386.25, 396.75, 402.0, 410.4, 420.0, 423.0, 423.0, 423.0, 423.0, 423.0, 423.0, 423.0, 425.0, 444.0, 454.5, 465.0, 475.5, 501.75, 527.9, 528.0, 528.0, 528.0, 528.0, 648.75, 649.8, 685.5, 685.5, 685.5, 1499.25]"
2025-08-23T15:13:51.045644-04:00,344.25,344.25,344.25,,50,https://www.maizetix.com/games/171,"[344.25, 344.25, 349.5, 349.5, 354.75, 362.1, 364.2, 365.25, 370.5, 370.5, 370.5, 370.5, 370.5, 370.5, 370.5, 370.5, 370.5, 370.5, 371.29, 379.0, 380.79, 386.25, 396.75, 402.0, 410.4, 420.0, 423.0, 423.0, 423.0, 423.0, 423.0, 423.0, 423.0, 423.0, 425.0, 444.0, 454.5, 465.0, 501.75, 527.9, 528.0, 528.0, 528.0, 528.0, 648.75, 649.8, 685.5, 685.5, 685.5, 1499.25]"
2025-08-23T15:23:54.547904-04:00,344.25,344.25,344.25,,50,https://www.maizetix.com/games/171,"[344.25, 344.25, 349.5, 349.5, 354.75, 362.1, 364.2, 365.25, 370.5, 370.5, 370.5, 370.5, 370.5, 370.5, 370.5, 370.5, 370.5, 370.5, 371.29, 379.0, 380.79, 386.25, 396.75, 402.0, 410.4, 420.0, 423.0, 423.0, 423.0, 423.0, 423.0, 423.0, 423.0, 423.0, 425.0, 444.0, 454.5, 465.0, 501.75, 527.9, 528.0, 528.0, 528.0, 528.0, 648.75, 649.8, 685.5, 685.5, 685.5, 1499.25]"
2025-08-23T15:30:53.787794-04:00,344.25,344.25,344.25,,50,https://www.maizetix.com/games/171,"[344.25, 344.25, 349.5, 349.5, 354.75, 362.1, 364.2, 365.25, 370.5, 370.5, 370.5, 370.5, 370.5, 370.5, 370.5, 370.5, 370.5, 370.5, 371.29, 379.0, 380.79, 386.25, 396.75, 402.0, 410.4, 420.0, 423.0, 423.0, 423.0, 423.0, 423.0, 423.0, 423.0, 423.0, 425.0, 444.0, 454.5, 465.0, 501.75, 527.9, 528.0, 528.0, 528.0, 528.0, 648.75, 649.8, 685.5, 685.5, 685.5, 1499.25]"
2025-08-23T15:39:23.323537-04:00,344.25,344.25,344.25,,50,https://www.maizetix.com/games/171,"[344.25, 344.25, 349.5, 349.5, 354.75, 362.1, 364.2, 365.25, 370.5, 370.5, 370.5, 370.5, 370.5, 370.5, 370.5, 370.5, 370.5, 370.5, 371.29, 379.0, 380.79, 386.25, 396.75, 402.0, 410.4, 420.0, 423.0, 423.0, 423.0, 423.0, 423.0, 423.0, 423.0, 423.0, 425.0, 444.0, 454.5, 465.0, 501.75, 527.9, 528.0, 528.0, 528.0, 528.0, 648.75, 649.8, 685.5, 685.5, 685.5, 1499.25]"
2025-08-23T15:46:29.667165-04:00,344.25,344.25,344.25,,50,https://www.maizetix.com/games/171,"[344.25, 344.25, 349.5, 349.5, 354.75, 362.1, 364.2, 365.25, 370.5, 370.5, 370.5, 370.5, 370.5, 370.5, 370.5, 370.5, 370.5, 370.5, 371.29, 379.0, 380.79, 386.25, 396.75, 402.0, 410.4, 420.0, 423.0, 423.0, 423.0, 423.0, 423.0, 423.0, 423.0, 423.0, 425.0, 444.0, 454.5, 465.0, 501.75, 527.9, 528.0, 528.0, 528.0, 528.0, 648.75, 649.8, 685.5, 685.5, 685.5, 1499.25]"
2025-08-23T15:53:10.146003-04:00,344.25,344.25,344.25,,49,https://www.maizetix.com/games/171,"[344.25, 349.5, 349.5, 354.75, 362.1, 364.2, 365.25, 370.5, 370.5, 370.5, 370.5, 370.5, 370.5, 370.5, 370.5, 370.5, 370.5, 371.29, 379.0, 380.79, 386.25, 396.75, 402.0, 410.4, 420.0, 423.0, 423.0, 423.0, 423.0, 423.0, 423.0, 423.0, 423.0, 425.0, 444.0, 454.5, 465.0, 501.75, 527.9, 528.0, 528.0, 528.0, 528.0, 648.75, 649.8, 685.5, 685.5, 685.5, 1499.25]"
2025-08-23T16:00:07.235001-04:00,344.25,344.25,344.25,,49,https://www.maizetix.com/games/171,"[344.25, 349.5, 349.5, 354.75, 362.1, 364.2, 365.25, 370.5, 370.5, 370.5, 370.5, 370.5, 370.5, 370.5, 370.5, 370.5, 370.5, 371.29, 379.0, 380.79, 386.25, 396.75, 402.0, 410.4, 420.0, 423.0, 423.0, 423.0, 423.0, 423.0, 423.0, 423.0, 423.0, 425.0, 444.0, 454.5, 465.0, 501.75, 527.9, 528.0, 528.0, 528.0, 528.0, 648.75, 649.8, 685.5, 685.5, 685.5, 1499.25]"
2025-08-23T16:22:37.183511-04:00,344.25,344.25,344.25,,49,https://www.maizetix.com/games/171,"[344.25, 349.5, 349.5, 354.75, 362.1, 364.2, 365.25, 370.5, 370.5, 370.5, 370.5, 370.5, 370.5, 370.5, 370.5, 370.5, 370.5, 371.29, 379.0, 380.79, 386.25, 396.75, 402.0, 410.4, 420.0, 423.0, 423.0, 423.0, 423.0, 423.0, 423.0, 423.0, 423.0, 425.0, 444.0, 454.5, 465.0, 501.75, 527.9, 528.0, 528.0, 528.0, 528.0, 648.75, 649.8, 685.5, 685.5, 685.5, 1499.25]"
2025-08-23T16:34:29.237701-04:00,344.25,344.25,344.25,,49,https://www.maizetix.com/games/171,"[344.25, 349.5, 349.5, 354.75, 362.1, 364.2, 365.25, 370.5, 370.5, 370.5, 370.5, 370.5, 370.5, 370.5, 370.5, 370.5, 370.5, 371.29, 379.0, 380.79, 386.25, 396.75, 402.0, 410.4, 420.0, 423.0, 423.0, 423.0, 423.0, 423.0, 423.0, 423.0, 423.0, 425.0, 444.0, 454.5, 465.0, 501.75, 527.9, 528.0, 528.0, 528.0, 528.0, 648.75, 649.8, 685.5, 685.5, 685.5, 1499.25]"
2025-08-23T16:43:22.399252-04:00,344.25,344.25,344.25,,49,https://www.maizetix.com/games/171,"[344.25, 349.5, 349.5, 354.75, 362.1, 364.2, 365.25, 370.5, 370.5, 370.5, 370.5, 370.5, 370.5, 370.5, 370.5, 370.5, 370.5, 371.29, 379.0, 380.79, 386.25, 396.75, 402.0, 410.4, 420.0, 423.0, 423.0, 423.0, 423.0, 423.0, 423.0, 423.0, 423.0, 425.0, 444.0, 454.5, 465.0, 501.75, 527.9, 528.0, 528.0, 528.0, 528.0, 648.75, 649.8, 685.5, 685.5, 685.5, 1499.25]"
2025-08-23T16:50:37.623343-04:00,344.25,344.25,344.25,,49,https://www.maizetix.com/games/171,"[344.25, 349.5, 349.5, 354.75, 362.1, 364.2, 365.25, 370.5, 370.5, 370.5, 370.5, 370.5, 370.5, 370.5, 370.5, 370.5, 370.5, 371.29, 379.0, 380.79, 386.25, 396.75, 402.0, 410.4, 420.0, 423.0, 423.0, 423.0, 423.0, 423.0, 423.0, 423.0, 423.0, 425.0, 444.0, 454.5, 465.0, 501.75, 527.9, 528.0, 528.0, 528.0, 528.0, 648.75, 649.8, 685.5, 685.5, 685.5, 1499.25]"
2025-08-23T16:57:33.698212-04:00,344.25,344.25,344.25,,49,https://www.maizetix.com/games/171,"[344.25, 349.5, 349.5, 354.75, 362.1, 364.2, 365.25, 365.25, 370.5, 370.5, 370.5, 370.5, 370.5, 370.5, 370.5, 370.5, 370.5, 370.5, 371.29, 379.0, 380.79, 386.25, 396.75, 402.0, 420.0, 423.0, 423.0, 423.0, 423.0, 423.0, 423.0, 423.0, 423.0, 425.0, 444.0, 454.5, 465.0, 501.75, 527.9, 528.0, 528.0, 528.0, 528.0, 648.75, 649.8, 685.5, 685.5, 685.5, 1499.25]"
2025-08-23T17:14:00.351744-04:00,344.25,344.25,344.25,,49,https://www.maizetix.com/games/171,"[344.25, 349.5, 349.5, 354.75, 362.1, 364.2, 365.25, 365.25, 370.5, 370.5, 370.5, 370.5, 370.5, 370.5, 370.5, 370.5, 370.5, 370.5, 371.29, 379.0, 380.79, 386.25, 396.75, 402.0, 420.0, 423.0, 423.0, 423.0, 423.0, 423.0, 423.0, 423.0, 423.0, 425.0, 444.0, 454.5, 465.0, 501.75, 527.9, 528.0, 528.0, 528.0, 528.0, 648.75, 649.8, 685.5, 685.5, 685.5, 1499.25]"
2025-08-23T17:27:32.220084-04:00,344.25,344.25,344.25,,49,https://www.maizetix.com/games/171,"[344.25, 349.5, 349.5, 354.75, 362.1, 364.2, 365.25, 365.25, 370.5, 370.5, 370.5, 370.5, 370.5, 370.5, 370.5, 370.5, 370.5, 370.5, 371.29, 379.0, 380.79, 386.25, 396.75, 402.0, 420.0, 423.0, 423.0, 423.0, 423.0, 423.0, 423.0, 423.0, 423.0, 425.0, 444.0, 454.5, 465.0, 501.75, 527.9, 528.0, 528.0, 528.0, 528.0, 648.75, 649.8, 685.5, 685.5, 685.5, 1499.25]"
2025-08-23T17:36:16.099580-04:00,344.25,344.25,344.25,,50,https://www.maizetix.com/games/171,"[344.25, 349.5, 349.5, 354.75, 362.1, 364.2, 365.25, 365.25, 370.5, 370.5, 370.5, 370.5, 370.5, 370.5, 370.5, 370.5, 370.5, 370.5, 370.5, 371.29, 379.0, 380.79, 386.25, 396.75, 402.0, 420.0, 423.0, 423.0, 423.0, 423.0, 423.0, 423.0, 423.0, 423.0, 425.0, 444.0, 454.5, 465.0, 501.75, 527.9, 528.0, 528.0, 528.0, 528.0, 648.75, 649.8, 685.5, 685.5, 685.5, 1499.25]"
2025-08-23T17:43:13.218393-04:00,344.25,344.25,344.25,,50,https://www.maizetix.com/games/171,"[344.25, 349.5, 349.5, 354.75, 362.1, 364.2, 365.25, 365.25, 370.5, 370.5, 370.5, 370.5, 370.5, 370.5, 370.5, 370.5, 370.5, 370.5, 370.5, 371.29, 379.0, 380.79, 386.25, 396.75, 402.0, 420.0, 423.0, 423.0, 423.0, 423.0, 423.0, 423.0, 423.0, 423.0, 425.0, 444.0, 454.5, 465.0, 501.75, 527.9, 528.0, 528.0, 528.0, 528.0, 648.75, 649.8, 685.5, 685.5, 685.5, 1499.25]"
2025-08-23T17:50:06.720077-04:00,344.25,344.25,344.25,,50,https://www.maizetix.com/games/171,"[344.25, 349.5, 349.5, 354.75, 362.1, 364.2, 365.25, 365.25, 370.5, 370.5, 370.5, 370.5, 370.5, 370.5, 370.5, 370.5, 370.5, 370.5, 370.5, 371.29, 379.0, 380.79, 386.25, 396.75, 402.0, 420.0, 423.0, 423.0, 423.0, 423.0, 423.0, 423.0, 423.0, 423.0, 425.0, 444.0, 454.5, 465.0, 501.75, 527.9, 528.0, 528.0, 528.0, 528.0, 648.75, 649.8, 685.5, 685.5, 685.5, 1499.25]"
2025-08-23T17:57:09.145345-04:00,344.25,344.25,344.25,,50,https://www.maizetix.com/games/171,"[344.25, 349.5, 349.5, 354.75, 362.1, 364.2, 365.25, 365.25, 370.5, 370.5, 370.5, 370.5, 370.5, 370.5, 370.5, 370.5, 370.5, 370.5, 370.5, 371.29, 379.0, 380.79, 386.25, 396.75, 402.0, 420.0, 423.0, 423.0, 423.0, 423.0, 423.0, 423.0, 423.0, 423.0, 425.0, 444.0, 454.5, 465.0, 501.75, 527.9, 528.0, 528.0, 528.0, 528.0, 648.75, 649.8, 685.5, 685.5, 685.5, 1499.25]"
2025-08-23T18:14:05.155670-04:00,344.25,344.25,344.25,,51,https://www.maizetix.com/games/171,"[344.25, 349.5, 349.5, 354.75, 358.95, 362.1, 364.2, 365.25, 365.25, 370.5, 370.5, 370.5, 370.5, 370.5, 370.5, 370.5, 370.5, 370.5, 370.5, 370.5, 371.29, 379.0, 380.79, 386.25, 396.75, 402.0, 420.0, 423.0, 423.0, 423.0, 423.0, 423.0, 423.0, 423.0, 423.0, 425.0, 444.0, 454.5, 465.0, 501.75, 527.9, 528.0, 528.0, 528.0, 528.0, 648.75, 649.8, 685.5, 685.5, 685.5, 1499.25]"
2025-08-23T18:31:16.997251-04:00,344.25,344.25,344.25,,51,https://www.maizetix.com/games/171,"[344.25, 349.5, 349.5, 354.75, 358.95, 362.1, 364.2, 365.25, 365.25, 370.5, 370.5, 370.5, 370.5, 370.5, 370.5, 370.5, 370.5, 370.5, 370.5, 370.5, 371.29, 379.0, 380.79, 386.25, 396.75, 402.0, 420.0, 423.0, 423.0, 423.0, 423.0, 423.0, 423.0, 423.0, 423.0, 425.0, 444.0, 454.5, 465.0, 501.75, 527.9, 528.0, 528.0, 528.0, 528.0, 648.75, 649.8, 685.5, 685.5, 685.5, 1499.25]"
2025-08-23T18:42:28.100859-04:00,344.25,344.25,344.25,,51,https://www.maizetix.com/games/171,"[344.25, 349.5, 349.5, 354.75, 358.95, 362.1, 364.2, 365.25, 365.25, 370.5, 370.5, 370.5, 370.5, 370.5, 370.5, 370.5, 370.5, 370.5, 370.5, 370.5, 371.29, 379.0, 380.79, 386.25, 396.75, 402.0, 420.0, 423.0, 423.0, 423.0, 423.0, 423.0, 423.0, 423.0, 423.0, 425.0, 444.0, 454.5, 465.0, 501.75, 527.9, 528.0, 528.0, 528.0, 528.0, 648.75, 649.8, 685.5, 685.5, 685.5, 1499.25]"
2025-08-23T18:49:44.354982-04:00,344.25,344.25,344.25,,51,https://www.maizetix.com/games/171,"[344.25, 349.5, 349.5, 354.75, 358.95, 362.1, 364.2, 365.25, 365.25, 370.5, 370.5, 370.5, 370.5, 370.5, 370.5, 370.5, 370.5, 370.5, 370.5, 370.5, 371.29, 379.0, 380.79, 386.25, 396.75, 402.0, 420.0, 423.0, 423.0, 423.0, 423.0, 423.0, 423.0, 423.0, 423.0, 425.0, 444.0, 454.5, 465.0, 501.75, 527.9, 528.0, 528.0, 528.0, 528.0, 648.75, 649.8, 685.5, 685.5, 685.5, 1499.25]"
2025-08-23T18:56:46.994103-04:00,344.25,344.25,344.25,,51,https://www.maizetix.com/games/171,"[344.25, 349.5, 349.5, 354.75, 358.95, 362.1, 364.2, 365.25, 365.25, 370.5, 370.5, 370.5, 370.5, 370.5, 370.5, 370.5, 370.5, 370.5, 370.5, 370.5, 371.29, 379.0, 380.79, 386.25, 396.75, 402.0, 420.0, 423.0, 423.0, 423.0, 423.0, 423.0, 423.0, 423.0, 423.0, 425.0, 444.0, 454.5, 465.0, 501.75, 527.9, 528.0, 528.0, 528.0, 528.0, 648.75, 649.8, 685.5, 685.5, 685.5, 1499.25]"
2025-08-23T19:13:46.672909-04:00,344.25,344.25,344.25,,51,https://www.maizetix.com/games/171,"[344.25, 349.5, 349.5, 354.75, 358.95, 362.1, 364.2, 365.25, 365.25, 370.5, 370.5, 370.5, 370.5, 370.5, 370.5, 370.5, 370.5, 370.5, 370.5, 370.5, 371.29, 379.0, 380.79, 386.25, 396.75, 402.0, 420.0, 423.0, 423.0, 423.0, 423.0, 423.0, 423.0, 423.0, 423.0, 425.0, 444.0, 454.5, 465.0, 501.75, 527.9, 528.0, 528.0, 528.0, 528.0, 648.75, 649.8, 685.5, 685.5, 685.5, 1499.25]"
2025-08-23T19:28:28.786440-04:00,344.25,344.25,344.25,,51,https://www.maizetix.com/games/171,"[344.25, 349.5, 349.5, 354.75, 358.95, 362.1, 364.2, 365.25, 365.25, 370.5, 370.5, 370.5, 370.5, 370.5, 370.5, 370.5, 370.5, 370.5, 370.5, 370.5, 371.29, 379.0, 380.79, 386.25, 396.75, 402.0, 420.0, 423.0, 423.0, 423.0, 423.0, 423.0, 423.0, 423.0, 423.0, 425.0, 444.0, 454.5, 465.0, 501.75, 527.9, 528.0, 528.0, 528.0, 528.0, 648.75, 649.8, 685.5, 685.5, 685.5, 1499.25]"
2025-08-23T19:38:01.111503-04:00,344.25,344.25,344.25,,51,https://www.maizetix.com/games/171,"[344.25, 349.5, 349.5, 354.75, 358.95, 362.1, 364.2, 365.25, 365.25, 370.5, 370.5, 370.5, 370.5, 370.5, 370.5, 370.5, 370.5, 370.5, 370.5, 370.5, 371.29, 379.0, 380.79, 386.25, 396.75, 402.0, 420.0, 423.0, 423.0, 423.0, 423.0, 423.0, 423.0, 423.0, 423.0, 425.0, 444.0, 454.5, 465.0, 501.75, 527.9, 528.0, 528.0, 528.0, 528.0, 648.75, 649.8, 685.5, 685.5, 685.5, 1499.25]"
2025-08-23T19:45:06.237868-04:00,344.25,344.25,344.25,,51,https://www.maizetix.com/games/171,"[344.25, 349.5, 349.5, 354.75, 358.95, 362.1, 364.2, 365.25, 365.25, 370.5, 370.5, 370.5, 370.5, 370.5, 370.5, 370.5, 370.5, 370.5, 370.5, 370.5, 371.29, 379.0, 380.79, 386.25, 396.75, 402.0, 420.0, 423.0, 423.0, 423.0, 423.0, 423.0, 423.0, 423.0, 423.0, 425.0, 444.0, 454.5, 465.0, 501.75, 527.9, 528.0, 528.0, 528.0, 528.0, 648.75, 649.8, 685.5, 685.5, 685.5, 1499.25]"
2025-08-23T19:52:18.181664-04:00,344.25,344.25,344.25,,51,https://www.maizetix.com/games/171,"[344.25, 349.5, 349.5, 354.75, 358.95, 362.1, 364.2, 365.25, 365.25, 370.5, 370.5, 370.5, 370.5, 370.5, 370.5, 370.5, 370.5, 370.5, 370.5, 370.5, 371.29, 379.0, 380.79, 386.25, 396.75, 402.0, 420.0, 423.0, 423.0, 423.0, 423.0, 423.0, 423.0, 423.0, 423.0, 425.0, 444.0, 454.5, 465.0, 501.75, 527.9, 528.0, 528.0, 528.0, 528.0, 648.75, 649.8, 685.5, 685.5, 685.5, 1499.25]"
2025-08-23T19:59:07.944685-04:00,344.25,344.25,344.25,,51,https://www.maizetix.com/games/171,"[344.25, 349.5, 349.5, 354.75, 358.95, 362.1, 364.2, 365.25, 365.25, 370.5, 370.5, 370.5, 370.5, 370.5, 370.5, 370.5, 370.5, 370.5, 370.5, 370.5, 371.29, 379.0, 380.79, 386.25, 396.75, 402.0, 420.0, 423.0, 423.0, 423.0, 423.0, 423.0, 423.0, 423.0, 423.0, 425.0, 444.0, 454.5, 465.0, 501.75, 527.9, 528.0, 528.0, 528.0, 528.0, 648.75, 649.8, 685.5, 685.5, 685.5, 1499.25]"
2025-08-23T21:49:27.695874-04:00,344.25,344.25,344.25,,51,https://www.maizetix.com/games/171,"[344.25, 349.5, 349.5, 354.75, 358.95, 362.1, 364.2, 365.25, 365.25, 370.5, 370.5, 370.5, 370.5, 370.5, 370.5, 370.5, 370.5, 370.5, 370.5, 370.5, 371.29, 379.0, 380.79, 386.25, 396.75, 402.0, 420.0, 423.0, 423.0, 423.0, 423.0, 423.0, 423.0, 423.0, 423.0, 425.0, 444.0, 454.5, 465.0, 501.75, 527.9, 528.0, 528.0, 528.0, 528.0, 648.75, 649.8, 685.5, 685.5, 685.5, 1499.25]"
2025-08-23T23:11:02.634653-04:00,344.25,344.25,344.25,,52,https://www.maizetix.com/games/171,"[344.25, 349.5, 349.5, 354.75, 358.95, 362.1, 364.2, 365.25, 365.25, 370.5, 370.5, 370.5, 370.5, 370.5, 370.5, 370.5, 370.5, 370.5, 370.5, 370.5, 370.5, 371.29, 379.0, 380.79, 386.25, 396.75, 402.0, 420.0, 423.0, 423.0, 423.0, 423.0, 423.0, 423.0, 423.0, 423.0, 425.0, 444.0, 454.5, 465.0, 501.75, 527.9, 528.0, 528.0, 528.0, 528.0, 648.75, 649.8, 685.5, 685.5, 685.5, 1499.25]"
2025-08-23T23:54:10.742189-04:00,344.25,344.25,344.25,,52,https://www.maizetix.com/games/171,"[344.25, 349.5, 349.5, 354.75, 358.95, 362.1, 364.2, 365.25, 365.25, 370.5, 370.5, 370.5, 370.5, 370.5, 370.5, 370.5, 370.5, 370.5, 370.5, 370.5, 370.5, 371.29, 379.0, 380.79, 386.25, 396.75, 402.0, 420.0, 423.0, 423.0, 423.0, 423.0, 423.0, 423.0, 423.0, 423.0, 425.0, 444.0, 454.5, 465.0, 501.75, 527.9, 528.0, 528.0, 528.0, 528.0, 648.75, 649.8, 685.5, 685.5, 685.5, 1499.25]"
2025-08-24T00:16:16.867408-04:00,344.25,344.25,344.25,,52,https://www.maizetix.com/games/171,"[344.25, 349.5, 349.5, 354.75, 358.95, 362.1, 364.2, 365.25, 365.25, 370.5, 370.5, 370.5, 370.5, 370.5, 370.5, 370.5, 370.5, 370.5, 370.5, 370.5, 370.5, 371.29, 379.0, 380.79, 386.25, 396.75, 402.0, 420.0, 423.0, 423.0, 423.0, 423.0, 423.0, 423.0, 423.0, 423.0, 425.0, 444.0, 454.5, 465.0, 501.75, 527.9, 528.0, 528.0, 528.0, 528.0, 648.75, 649.8, 685.5, 685.5, 685.5, 1499.25]"
2025-08-24T00:41:25.890399-04:00,344.25,344.25,344.25,,52,https://www.maizetix.com/games/171,"[344.25, 349.5, 349.5, 354.75, 358.95, 362.1, 364.2, 365.25, 365.25, 370.5, 370.5, 370.5, 370.5, 370.5, 370.5, 370.5, 370.5, 370.5, 370.5, 370.5, 370.5, 371.29, 379.0, 380.79, 386.25, 396.75, 402.0, 420.0, 423.0, 423.0, 423.0, 423.0, 423.0, 423.0, 423.0, 423.0, 425.0, 444.0, 454.5, 465.0, 501.75, 527.9, 528.0, 528.0, 528.0, 528.0, 648.75, 649.8, 685.5, 685.5, 685.5, 1499.25]"
2025-08-24T00:52:00.972587-04:00,328.5,328.5,328.5,,53,https://www.maizetix.com/games/171,"[328.5, 344.25, 349.5, 349.5, 354.75, 358.95, 362.1, 364.2, 365.25, 365.25, 370.5, 370.5, 370.5, 370.5, 370.5, 370.5, 370.5, 370.5, 370.5, 370.5, 370.5, 370.5, 371.29, 379.0, 380.79, 386.25, 396.75, 402.0, 420.0, 423.0, 423.0, 423.0, 423.0, 423.0, 423.0, 423.0, 423.0, 425.0, 444.0, 454.5, 465.0, 501.75, 527.9, 528.0, 528.0, 528.0, 528.0, 648.75, 649.8, 685.5, 685.5, 685.5, 1499.25]"
2025-08-24T00:58:46.404955-04:00,328.5,328.5,328.5,,53,https://www.maizetix.com/games/171,"[328.5, 344.25, 349.5, 349.5, 354.75, 358.95, 362.1, 364.2, 365.25, 365.25, 370.5, 370.5, 370.5, 370.5, 370.5, 370.5, 370.5, 370.5, 370.5, 370.5, 370.5, 370.5, 371.29, 379.0, 380.79, 386.25, 396.75, 402.0, 420.0, 423.0, 423.0, 423.0, 423.0, 423.0, 423.0, 423.0, 423.0, 425.0, 444.0, 454.5, 465.0, 501.75, 527.9, 528.0, 528.0, 528.0, 528.0, 648.75, 649.8, 685.5, 685.5, 685.5, 1499.25]"
2025-08-24T01:18:51.915756-04:00,328.5,328.5,328.5,,53,https://www.maizetix.com/games/171,"[328.5, 344.25, 349.5, 349.5, 354.75, 358.95, 362.1, 364.2, 365.25, 365.25, 370.5, 370.5, 370.5, 370.5, 370.5, 370.5, 370.5, 370.5, 370.5, 370.5, 370.5, 370.5, 371.29, 379.0, 380.79, 386.25, 396.75, 402.0, 420.0, 423.0, 423.0, 423.0, 423.0, 423.0, 423.0, 423.0, 423.0, 425.0, 444.0, 454.5, 465.0, 501.75, 527.9, 528.0, 528.0, 528.0, 528.0, 648.75, 649.8, 685.5, 685.5, 685.5, 1499.25]"
2025-08-24T01:34:47.071688-04:00,328.5,328.5,328.5,,53,https://www.maizetix.com/games/171,"[328.5, 344.25, 349.5, 349.5, 354.75, 358.95, 362.1, 364.2, 365.25, 365.25, 370.5, 370.5, 370.5, 370.5, 370.5, 370.5, 370.5, 370.5, 370.5, 370.5, 370.5, 370.5, 371.29, 379.0, 380.79, 386.25, 396.75, 402.0, 420.0, 423.0, 423.0, 423.0, 423.0, 423.0, 423.0, 423.0, 423.0, 425.0, 444.0, 454.5, 465.0, 501.75, 527.9, 528.0, 528.0, 528.0, 528.0, 648.75, 649.8, 685.5, 685.5, 685.5, 1499.25]"
2025-08-24T01:44:52.279708-04:00,328.5,328.5,328.5,,53,https://www.maizetix.com/games/171,"[328.5, 344.25, 349.5, 349.5, 354.75, 358.95, 362.1, 364.2, 365.25, 365.25, 370.5, 370.5, 370.5, 370.5, 370.5, 370.5, 370.5, 370.5, 370.5, 370.5, 370.5, 370.5, 371.29, 379.0, 380.79, 386.25, 396.75, 402.0, 420.0, 423.0, 423.0, 423.0, 423.0, 423.0, 423.0, 423.0, 423.0, 425.0, 444.0, 454.5, 465.0, 501.75, 527.9, 528.0, 528.0, 528.0, 528.0, 648.75, 649.8, 685.5, 685.5, 685.5, 1499.25]"
2025-08-24T01:52:04.774948-04:00,328.5,328.5,328.5,,53,https://www.maizetix.com/games/171,"[328.5, 344.25, 349.5, 349.5, 354.75, 358.95, 362.1, 364.2, 365.25, 365.25, 370.5, 370.5, 370.5, 370.5, 370.5, 370.5, 370.5, 370.5, 370.5, 370.5, 370.5, 370.5, 371.29, 379.0, 380.79, 386.25, 396.75, 402.0, 420.0, 423.0, 423.0, 423.0, 423.0, 423.0, 423.0, 423.0, 423.0, 425.0, 444.0, 454.5, 465.0, 501.75, 527.9, 528.0, 528.0, 528.0, 528.0, 648.75, 649.8, 685.5, 685.5, 685.5, 1499.25]"
2025-08-24T01:58:38.198253-04:00,328.5,328.5,328.5,,53,https://www.maizetix.com/games/171,"[328.5, 344.25, 349.5, 349.5, 354.75, 358.95, 362.1, 364.2, 365.25, 365.25, 370.5, 370.5, 370.5, 370.5, 370.5, 370.5, 370.5, 370.5, 370.5, 370.5, 370.5, 370.5, 371.29, 379.0, 380.79, 386.25, 396.75, 402.0, 420.0, 423.0, 423.0, 423.0, 423.0, 423.0, 423.0, 423.0, 423.0, 425.0, 444.0, 454.5, 465.0, 501.75, 527.9, 528.0, 528.0, 528.0, 528.0, 648.75, 649.8, 685.5, 685.5, 685.5, 1499.25]"
2025-08-24T02:27:19.518234-04:00,328.5,328.5,328.5,,53,https://www.maizetix.com/games/171,"[328.5, 344.25, 349.5, 349.5, 354.75, 358.95, 362.1, 364.2, 365.25, 365.25, 370.5, 370.5, 370.5, 370.5, 370.5, 370.5, 370.5, 370.5, 370.5, 370.5, 370.5, 370.5, 371.29, 379.0, 380.79, 386.25, 396.75, 402.0, 420.0, 423.0, 423.0, 423.0, 423.0, 423.0, 423.0, 423.0, 423.0, 425.0, 444.0, 454.5, 465.0, 501.75, 527.9, 528.0, 528.0, 528.0, 528.0, 648.75, 649.8, 685.5, 685.5, 685.5, 1499.25]"
2025-08-24T02:47:32.501816-04:00,328.5,328.5,328.5,,53,https://www.maizetix.com/games/171,"[328.5, 344.25, 349.5, 349.5, 354.75, 358.95, 362.1, 364.2, 365.25, 365.25, 370.5, 370.5, 370.5, 370.5, 370.5, 370.5, 370.5, 370.5, 370.5, 370.5, 370.5, 370.5, 371.29, 379.0, 380.79, 386.25, 396.75, 402.0, 420.0, 423.0, 423.0, 423.0, 423.0, 423.0, 423.0, 423.0, 423.0, 425.0, 444.0, 454.5, 465.0, 501.75, 527.9, 528.0, 528.0, 528.0, 528.0, 648.75, 649.8, 685.5, 685.5, 685.5, 1499.25]"
2025-08-24T02:56:08.774447-04:00,328.5,328.5,328.5,,53,https://www.maizetix.com/games/171,"[328.5, 344.25, 349.5, 349.5, 354.75, 358.95, 362.1, 364.2, 365.25, 365.25, 370.5, 370.5, 370.5, 370.5, 370.5, 370.5, 370.5, 370.5, 370.5, 370.5, 370.5, 370.5, 371.29, 379.0, 380.79, 386.25, 396.75, 402.0, 420.0, 423.0, 423.0, 423.0, 423.0, 423.0, 423.0, 423.0, 423.0, 425.0, 444.0, 454.5, 465.0, 501.75, 527.9, 528.0, 528.0, 528.0, 528.0, 648.75, 649.8, 685.5, 685.5, 685.5, 1499.25]"
2025-08-24T03:12:29.645869-04:00,328.5,328.5,328.5,,53,https://www.maizetix.com/games/171,"[328.5, 344.25, 349.5, 349.5, 354.75, 358.95, 362.1, 364.2, 365.25, 365.25, 370.5, 370.5, 370.5, 370.5, 370.5, 370.5, 370.5, 370.5, 370.5, 370.5, 370.5, 370.5, 371.29, 379.0, 380.79, 386.25, 396.75, 402.0, 420.0, 423.0, 423.0, 423.0, 423.0, 423.0, 423.0, 423.0, 423.0, 425.0, 444.0, 454.5, 465.0, 501.75, 527.9, 528.0, 528.0, 528.0, 528.0, 648.75, 649.8, 685.5, 685.5, 685.5, 1499.25]"
2025-08-24T03:27:17.710831-04:00,328.5,328.5,328.5,,53,https://www.maizetix.com/games/171,"[328.5, 344.25, 349.5, 349.5, 354.75, 358.95, 362.1, 364.2, 365.25, 365.25, 370.5, 370.5, 370.5, 370.5, 370.5, 370.5, 370.5, 370.5, 370.5, 370.5, 370.5, 370.5, 371.29, 379.0, 380.79, 386.25, 396.75, 402.0, 420.0, 423.0, 423.0, 423.0, 423.0, 423.0, 423.0, 423.0, 423.0, 425.0, 444.0, 454.5, 465.0, 501.75, 527.9, 528.0, 528.0, 528.0, 528.0, 648.75, 649.8, 685.5, 685.5, 685.5, 1499.25]"
2025-08-24T03:36:07.263806-04:00,328.5,328.5,328.5,,53,https://www.maizetix.com/games/171,"[328.5, 344.25, 349.5, 349.5, 354.75, 358.95, 362.1, 364.2, 365.25, 365.25, 370.5, 370.5, 370.5, 370.5, 370.5, 370.5, 370.5, 370.5, 370.5, 370.5, 370.5, 370.5, 371.29, 379.0, 380.79, 386.25, 396.75, 402.0, 420.0, 423.0, 423.0, 423.0, 423.0, 423.0, 423.0, 423.0, 423.0, 425.0, 444.0, 454.5, 465.0, 501.75, 527.9, 528.0, 528.0, 528.0, 528.0, 648.75, 649.8, 685.5, 685.5, 685.5, 1499.25]"
2025-08-24T03:42:56.818262-04:00,328.5,328.5,328.5,,53,https://www.maizetix.com/games/171,"[328.5, 344.25, 349.5, 349.5, 354.75, 358.95, 362.1, 364.2, 365.25, 365.25, 370.5, 370.5, 370.5, 370.5, 370.5, 370.5, 370.5, 370.5, 370.5, 370.5, 370.5, 370.5, 371.29, 379.0, 380.79, 386.25, 396.75, 402.0, 420.0, 423.0, 423.0, 423.0, 423.0, 423.0, 423.0, 423.0, 423.0, 425.0, 444.0, 454.5, 465.0, 501.75, 527.9, 528.0, 528.0, 528.0, 528.0, 648.75, 649.8, 685.5, 685.5, 685.5, 1499.25]"
2025-08-24T03:50:05.695495-04:00,328.5,328.5,328.5,,53,https://www.maizetix.com/games/171,"[328.5, 344.25, 349.5, 349.5, 354.75, 358.95, 362.1, 364.2, 365.25, 365.25, 370.5, 370.5, 370.5, 370.5, 370.5, 370.5, 370.5, 370.5, 370.5, 370.5, 370.5, 370.5, 371.29, 379.0, 380.79, 386.25, 396.75, 402.0, 420.0, 423.0, 423.0, 423.0, 423.0, 423.0, 423.0, 423.0, 423.0, 425.0, 444.0, 454.5, 465.0, 501.75, 527.9, 528.0, 528.0, 528.0, 528.0, 648.75, 649.8, 685.5, 685.5, 685.5, 1499.25]"
2025-08-24T03:56:50.013749-04:00,328.5,328.5,328.5,,53,https://www.maizetix.com/games/171,"[328.5, 344.25, 349.5, 349.5, 354.75, 358.95, 362.1, 364.2, 365.25, 365.25, 370.5, 370.5, 370.5, 370.5, 370.5, 370.5, 370.5, 370.5, 370.5, 370.5, 370.5, 370.5, 371.29, 379.0, 380.79, 386.25, 396.75, 402.0, 420.0, 423.0, 423.0, 423.0, 423.0, 423.0, 423.0, 423.0, 423.0, 425.0, 444.0, 454.5, 465.0, 501.75, 527.9, 528.0, 528.0, 528.0, 528.0, 648.75, 649.8, 685.5, 685.5, 685.5, 1499.25]"
2025-08-24T04:17:35.140418-04:00,328.5,328.5,328.5,,53,https://www.maizetix.com/games/171,"[328.5, 344.25, 349.5, 349.5, 354.75, 358.95, 362.1, 364.2, 365.25, 365.25, 370.5, 370.5, 370.5, 370.5, 370.5, 370.5, 370.5, 370.5, 370.5, 370.5, 370.5, 370.5, 371.29, 379.0, 380.79, 386.25, 396.75, 402.0, 420.0, 423.0, 423.0, 423.0, 423.0, 423.0, 423.0, 423.0, 423.0, 425.0, 444.0, 454.5, 465.0, 501.75, 527.9, 528.0, 528.0, 528.0, 528.0, 648.75, 649.8, 685.5, 685.5, 685.5, 1499.25]"
2025-08-24T04:36:11.008288-04:00,328.5,328.5,328.5,,53,https://www.maizetix.com/games/171,"[328.5, 344.25, 349.5, 349.5, 354.75, 358.95, 362.1, 364.2, 365.25, 365.25, 370.5, 370.5, 370.5, 370.5, 370.5, 370.5, 370.5, 370.5, 370.5, 370.5, 370.5, 370.5, 371.29, 379.0, 380.79, 386.25, 396.75, 402.0, 420.0, 423.0, 423.0, 423.0, 423.0, 423.0, 423.0, 423.0, 423.0, 425.0, 444.0, 454.5, 465.0, 501.75, 527.9, 528.0, 528.0, 528.0, 528.0, 648.75, 649.8, 685.5, 685.5, 685.5, 1499.25]"
2025-08-24T04:47:19.214680-04:00,328.5,328.5,328.5,,53,https://www.maizetix.com/games/171,"[328.5, 344.25, 349.5, 349.5, 354.75, 358.95, 362.1, 364.2, 365.25, 365.25, 370.5, 370.5, 370.5, 370.5, 370.5, 370.5, 370.5, 370.5, 370.5, 370.5, 370.5, 370.5, 371.29, 379.0, 380.79, 386.25, 396.75, 402.0, 420.0, 423.0, 423.0, 423.0, 423.0, 423.0, 423.0, 423.0, 423.0, 425.0, 444.0, 454.5, 465.0, 501.75, 527.9, 528.0, 528.0, 528.0, 528.0, 648.75, 649.8, 685.5, 685.5, 685.5, 1499.25]"
2025-08-24T04:54:12.755475-04:00,328.5,328.5,328.5,,53,https://www.maizetix.com/games/171,"[328.5, 344.25, 349.5, 349.5, 354.75, 358.95, 362.1, 364.2, 365.25, 365.25, 370.5, 370.5, 370.5, 370.5, 370.5, 370.5, 370.5, 370.5, 370.5, 370.5, 370.5, 370.5, 371.29, 379.0, 380.79, 386.25, 396.75, 402.0, 420.0, 423.0, 423.0, 423.0, 423.0, 423.0, 423.0, 423.0, 423.0, 425.0, 444.0, 454.5, 465.0, 501.75, 527.9, 528.0, 528.0, 528.0, 528.0, 648.75, 649.8, 685.5, 685.5, 685.5, 1499.25]"
2025-08-24T05:08:33.144131-04:00,328.5,328.5,328.5,,53,https://www.maizetix.com/games/171,"[328.5, 344.25, 349.5, 349.5, 354.75, 358.95, 362.1, 364.2, 365.25, 365.25, 370.5, 370.5, 370.5, 370.5, 370.5, 370.5, 370.5, 370.5, 370.5, 370.5, 370.5, 370.5, 371.29, 379.0, 380.79, 386.25, 396.75, 402.0, 420.0, 423.0, 423.0, 423.0, 423.0, 423.0, 423.0, 423.0, 423.0, 425.0, 444.0, 454.5, 465.0, 501.75, 527.9, 528.0, 528.0, 528.0, 528.0, 648.75, 649.8, 685.5, 685.5, 685.5, 1499.25]"
2025-08-24T05:26:48.459554-04:00,328.5,328.5,328.5,,53,https://www.maizetix.com/games/171,"[328.5, 344.25, 349.5, 349.5, 354.75, 358.95, 362.1, 364.2, 365.25, 365.25, 370.5, 370.5, 370.5, 370.5, 370.5, 370.5, 370.5, 370.5, 370.5, 370.5, 370.5, 370.5, 371.29, 379.0, 380.79, 386.25, 396.75, 402.0, 420.0, 423.0, 423.0, 423.0, 423.0, 423.0, 423.0, 423.0, 423.0, 425.0, 444.0, 454.5, 465.0, 501.75, 527.9, 528.0, 528.0, 528.0, 528.0, 648.75, 649.8, 685.5, 685.5, 685.5, 1499.25]"
2025-08-24T05:36:31.612635-04:00,328.5,328.5,328.5,,53,https://www.maizetix.com/games/171,"[328.5, 344.25, 349.5, 349.5, 354.75, 358.95, 362.1, 364.2, 365.25, 365.25, 370.5, 370.5, 370.5, 370.5, 370.5, 370.5, 370.5, 370.5, 370.5, 370.5, 370.5, 370.5, 371.29, 379.0, 380.79, 386.25, 396.75, 402.0, 420.0, 423.0, 423.0, 423.0, 423.0, 423.0, 423.0, 423.0, 423.0, 425.0, 444.0, 454.5, 465.0, 501.75, 527.9, 528.0, 528.0, 528.0, 528.0, 648.75, 649.8, 685.5, 685.5, 685.5, 1499.25]"
2025-08-24T05:43:53.807207-04:00,328.5,328.5,328.5,,53,https://www.maizetix.com/games/171,"[328.5, 344.25, 349.5, 349.5, 354.75, 358.95, 362.1, 364.2, 365.25, 365.25, 370.5, 370.5, 370.5, 370.5, 370.5, 370.5, 370.5, 370.5, 370.5, 370.5, 370.5, 370.5, 371.29, 379.0, 380.79, 386.25, 396.75, 402.0, 420.0, 423.0, 423.0, 423.0, 423.0, 423.0, 423.0, 423.0, 423.0, 425.0, 444.0, 454.5, 465.0, 501.75, 527.9, 528.0, 528.0, 528.0, 528.0, 648.75, 649.8, 685.5, 685.5, 685.5, 1499.25]"
2025-08-24T05:51:02.451437-04:00,328.5,328.5,328.5,,53,https://www.maizetix.com/games/171,"[328.5, 344.25, 349.5, 349.5, 354.75, 358.95, 362.1, 364.2, 365.25, 365.25, 370.5, 370.5, 370.5, 370.5, 370.5, 370.5, 370.5, 370.5, 370.5, 370.5, 370.5, 370.5, 371.29, 379.0, 380.79, 386.25, 396.75, 402.0, 420.0, 423.0, 423.0, 423.0, 423.0, 423.0, 423.0, 423.0, 423.0, 425.0, 444.0, 454.5, 465.0, 501.75, 527.9, 528.0, 528.0, 528.0, 528.0, 648.75, 649.8, 685.5, 685.5, 685.5, 1499.25]"
2025-08-24T05:57:39.716202-04:00,328.5,328.5,328.5,,53,https://www.maizetix.com/games/171,"[328.5, 344.25, 349.5, 349.5, 354.75, 358.95, 362.1, 364.2, 365.25, 365.25, 370.5, 370.5, 370.5, 370.5, 370.5, 370.5, 370.5, 370.5, 370.5, 370.5, 370.5, 370.5, 371.29, 379.0, 380.79, 386.25, 396.75, 402.0, 420.0, 423.0, 423.0, 423.0, 423.0, 423.0, 423.0, 423.0, 423.0, 425.0, 444.0, 454.5, 465.0, 501.75, 527.9, 528.0, 528.0, 528.0, 528.0, 648.75, 649.8, 685.5, 685.5, 685.5, 1499.25]"
2025-08-24T06:16:24.501596-04:00,328.5,328.5,328.5,,53,https://www.maizetix.com/games/171,"[328.5, 344.25, 349.5, 349.5, 354.75, 358.95, 362.1, 364.2, 365.25, 365.25, 370.5, 370.5, 370.5, 370.5, 370.5, 370.5, 370.5, 370.5, 370.5, 370.5, 370.5, 370.5, 371.29, 379.0, 380.79, 386.25, 396.75, 402.0, 420.0, 423.0, 423.0, 423.0, 423.0, 423.0, 423.0, 423.0, 423.0, 425.0, 444.0, 454.5, 465.0, 501.75, 527.9, 528.0, 528.0, 528.0, 528.0, 648.75, 649.8, 685.5, 685.5, 685.5, 1499.25]"
2025-08-24T06:34:12.223863-04:00,328.5,328.5,328.5,,53,https://www.maizetix.com/games/171,"[328.5, 344.25, 349.5, 349.5, 354.75, 358.95, 362.1, 364.2, 365.25, 365.25, 370.5, 370.5, 370.5, 370.5, 370.5, 370.5, 370.5, 370.5, 370.5, 370.5, 370.5, 370.5, 371.29, 379.0, 380.79, 386.25, 396.75, 402.0, 420.0, 423.0, 423.0, 423.0, 423.0, 423.0, 423.0, 423.0, 423.0, 425.0, 444.0, 454.5, 465.0, 501.75, 527.9, 528.0, 528.0, 528.0, 528.0, 648.75, 649.8, 685.5, 685.5, 685.5, 1499.25]"
2025-08-24T06:43:50.139031-04:00,328.5,328.5,328.5,,53,https://www.maizetix.com/games/171,"[328.5, 344.25, 349.5, 349.5, 354.75, 358.95, 362.1, 364.2, 365.25, 365.25, 370.5, 370.5, 370.5, 370.5, 370.5, 370.5, 370.5, 370.5, 370.5, 370.5, 370.5, 370.5, 371.29, 379.0, 380.79, 386.25, 396.75, 402.0, 420.0, 423.0, 423.0, 423.0, 423.0, 423.0, 423.0, 423.0, 423.0, 425.0, 444.0, 454.5, 465.0, 501.75, 527.9, 528.0, 528.0, 528.0, 528.0, 648.75, 649.8, 685.5, 685.5, 685.5, 1499.25]"
2025-08-24T06:50:58.575084-04:00,328.5,328.5,328.5,,53,https://www.maizetix.com/games/171,"[328.5, 344.25, 349.5, 349.5, 354.75, 358.95, 362.1, 364.2, 365.25, 365.25, 370.5, 370.5, 370.5, 370.5, 370.5, 370.5, 370.5, 370.5, 370.5, 370.5, 370.5, 370.5, 371.29, 379.0, 380.79, 386.25, 396.75, 402.0, 420.0, 423.0, 423.0, 423.0, 423.0, 423.0, 423.0, 423.0, 423.0, 425.0, 444.0, 454.5, 465.0, 501.75, 527.9, 528.0, 528.0, 528.0, 528.0, 648.75, 649.8, 685.5, 685.5, 685.5, 1499.25]"
2025-08-24T06:57:43.771996-04:00,328.5,328.5,328.5,,53,https://www.maizetix.com/games/171,"[328.5, 344.25, 349.5, 349.5, 354.75, 358.95, 362.1, 364.2, 365.25, 365.25, 370.5, 370.5, 370.5, 370.5, 370.5, 370.5, 370.5, 370.5, 370.5, 370.5, 370.5, 370.5, 371.29, 379.0, 380.79, 386.25, 396.75, 402.0, 420.0, 423.0, 423.0, 423.0, 423.0, 423.0, 423.0, 423.0, 423.0, 425.0, 444.0, 454.5, 465.0, 501.75, 527.9, 528.0, 528.0, 528.0, 528.0, 648.75, 649.8, 685.5, 685.5, 685.5, 1499.25]"
2025-08-24T07:13:06.995271-04:00,328.5,328.5,328.5,,53,https://www.maizetix.com/games/171,"[328.5, 344.25, 349.5, 349.5, 354.75, 358.95, 362.1, 364.2, 365.25, 365.25, 370.5, 370.5, 370.5, 370.5, 370.5, 370.5, 370.5, 370.5, 370.5, 370.5, 370.5, 370.5, 371.29, 379.0, 380.79, 386.25, 396.75, 402.0, 420.0, 423.0, 423.0, 423.0, 423.0, 423.0, 423.0, 423.0, 423.0, 425.0, 444.0, 454.5, 465.0, 501.75, 527.9, 528.0, 528.0, 528.0, 528.0, 648.75, 649.8, 685.5, 685.5, 685.5, 1499.25]"
2025-08-24T07:25:09.038528-04:00,328.5,328.5,328.5,,53,https://www.maizetix.com/games/171,"[328.5, 344.25, 349.5, 349.5, 354.75, 358.95, 362.1, 364.2, 365.25, 365.25, 370.5, 370.5, 370.5, 370.5, 370.5, 370.5, 370.5, 370.5, 370.5, 370.5, 370.5, 370.5, 371.29, 379.0, 380.79, 386.25, 396.75, 402.0, 420.0, 423.0, 423.0, 423.0, 423.0, 423.0, 423.0, 423.0, 423.0, 425.0, 444.0, 454.5, 465.0, 501.75, 527.9, 528.0, 528.0, 528.0, 528.0, 648.75, 649.8, 685.5, 685.5, 685.5, 1499.25]"
2025-08-24T07:33:29.412473-04:00,328.5,328.5,328.5,,53,https://www.maizetix.com/games/171,"[328.5, 344.25, 349.5, 349.5, 354.75, 358.95, 362.1, 364.2, 365.25, 365.25, 370.5, 370.5, 370.5, 370.5, 370.5, 370.5, 370.5, 370.5, 370.5, 370.5, 370.5, 370.5, 371.29, 379.0, 380.79, 386.25, 396.75, 402.0, 420.0, 423.0, 423.0, 423.0, 423.0, 423.0, 423.0, 423.0, 423.0, 425.0, 444.0, 454.5, 465.0, 501.75, 527.9, 528.0, 528.0, 528.0, 528.0, 648.75, 649.8, 685.5, 685.5, 685.5, 1499.25]"
2025-08-24T07:40:49.728715-04:00,328.5,328.5,328.5,,53,https://www.maizetix.com/games/171,"[328.5, 344.25, 349.5, 349.5, 354.75, 358.95, 362.1, 364.2, 365.25, 365.25, 370.5, 370.5, 370.5, 370.5, 370.5, 370.5, 370.5, 370.5, 370.5, 370.5, 370.5, 370.5, 371.29, 379.0, 380.79, 386.25, 396.75, 402.0, 420.0, 423.0, 423.0, 423.0, 423.0, 423.0, 423.0, 423.0, 423.0, 425.0, 444.0, 454.5, 465.0, 501.75, 527.9, 528.0, 528.0, 528.0, 528.0, 648.75, 649.8, 685.5, 685.5, 685.5, 1499.25]"
2025-08-24T07:47:31.095550-04:00,328.5,328.5,328.5,,53,https://www.maizetix.com/games/171,"[328.5, 344.25, 349.5, 349.5, 354.75, 358.95, 362.1, 364.2, 365.25, 365.25, 370.5, 370.5, 370.5, 370.5, 370.5, 370.5, 370.5, 370.5, 370.5, 370.5, 370.5, 370.5, 371.29, 379.0, 380.79, 386.25, 396.75, 402.0, 420.0, 423.0, 423.0, 423.0, 423.0, 423.0, 423.0, 423.0, 423.0, 425.0, 444.0, 454.5, 465.0, 501.75, 527.9, 528.0, 528.0, 528.0, 528.0, 648.75, 649.8, 685.5, 685.5, 685.5, 1499.25]"
2025-08-24T07:54:18.107471-04:00,328.5,328.5,328.5,,53,https://www.maizetix.com/games/171,"[328.5, 344.25, 349.5, 349.5, 354.75, 358.95, 362.1, 364.2, 365.25, 365.25, 370.5, 370.5, 370.5, 370.5, 370.5, 370.5, 370.5, 370.5, 370.5, 370.5, 370.5, 370.5, 371.29, 379.0, 380.79, 386.25, 396.75, 402.0, 420.0, 423.0, 423.0, 423.0, 423.0, 423.0, 423.0, 423.0, 423.0, 425.0, 444.0, 454.5, 465.0, 501.75, 527.9, 528.0, 528.0, 528.0, 528.0, 648.75, 649.8, 685.5, 685.5, 685.5, 1499.25]"
2025-08-24T08:16:04.341047-04:00,328.5,328.5,328.5,,53,https://www.maizetix.com/games/171,"[328.5, 344.25, 349.5, 349.5, 354.75, 358.95, 362.1, 364.2, 365.25, 365.25, 370.5, 370.5, 370.5, 370.5, 370.5, 370.5, 370.5, 370.5, 370.5, 370.5, 370.5, 370.5, 371.29, 379.0, 380.79, 386.25, 396.75, 402.0, 420.0, 423.0, 423.0, 423.0, 423.0, 423.0, 423.0, 423.0, 423.0, 425.0, 444.0, 454.5, 465.0, 501.75, 527.9, 528.0, 528.0, 528.0, 528.0, 648.75, 649.8, 685.5, 685.5, 685.5, 1499.25]"
2025-08-24T08:55:17.955794-04:00,344.25,344.25,344.25,,52,https://www.maizetix.com/games/171,"[344.25, 349.5, 349.5, 354.75, 358.95, 362.1, 364.2, 365.25, 365.25, 370.5, 370.5, 370.5, 370.5, 370.5, 370.5, 370.5, 370.5, 370.5, 370.5, 370.5, 370.5, 371.29, 379.0, 380.79, 386.25, 396.75, 402.0, 420.0, 423.0, 423.0, 423.0, 423.0, 423.0, 423.0, 423.0, 423.0, 425.0, 444.0, 454.5, 465.0, 501.75, 527.9, 528.0, 528.0, 528.0, 528.0, 648.75, 649.8, 685.5, 685.5, 685.5, 1499.25]"
2025-08-24T09:19:31.232559-04:00,344.25,344.25,344.25,,52,https://www.maizetix.com/games/171,"[344.25, 349.5, 349.5, 354.75, 358.95, 362.1, 364.2, 365.25, 365.25, 370.5, 370.5, 370.5, 370.5, 370.5, 370.5, 370.5, 370.5, 370.5, 370.5, 370.5, 370.5, 371.29, 379.0, 380.79, 386.25, 396.75, 402.0, 420.0, 423.0, 423.0, 423.0, 423.0, 423.0, 423.0, 423.0, 423.0, 425.0, 444.0, 454.5, 465.0, 501.75, 527.9, 528.0, 528.0, 528.0, 528.0, 648.75, 649.8, 685.5, 685.5, 685.5, 1499.25]"
2025-08-24T09:37:33.255100-04:00,344.25,344.25,344.25,,52,https://www.maizetix.com/games/171,"[344.25, 349.5, 349.5, 354.75, 358.95, 362.1, 364.2, 365.25, 365.25, 370.5, 370.5, 370.5, 370.5, 370.5, 370.5, 370.5, 370.5, 370.5, 370.5, 370.5, 370.5, 371.29, 379.0, 380.79, 386.25, 396.75, 402.0, 420.0, 423.0, 423.0, 423.0, 423.0, 423.0, 423.0, 423.0, 423.0, 425.0, 444.0, 454.5, 465.0, 501.75, 527.9, 528.0, 528.0, 528.0, 528.0, 648.75, 649.8, 685.5, 685.5, 685.5, 1499.25]"
2025-08-24T09:45:29.215464-04:00,344.25,344.25,344.25,,52,https://www.maizetix.com/games/171,"[344.25, 349.5, 349.5, 354.75, 358.95, 362.1, 364.2, 365.25, 365.25, 370.5, 370.5, 370.5, 370.5, 370.5, 370.5, 370.5, 370.5, 370.5, 370.5, 370.5, 370.5, 371.29, 379.0, 380.79, 386.25, 396.75, 402.0, 420.0, 423.0, 423.0, 423.0, 423.0, 423.0, 423.0, 423.0, 423.0, 425.0, 444.0, 454.5, 465.0, 501.75, 527.9, 528.0, 528.0, 528.0, 528.0, 648.75, 649.8, 685.5, 685.5, 685.5, 1499.25]"
2025-08-24T09:52:34.316012-04:00,344.25,344.25,344.25,,52,https://www.maizetix.com/games/171,"[344.25, 349.5, 349.5, 354.75, 358.95, 362.1, 364.2, 365.25, 365.25, 370.5, 370.5, 370.5, 370.5, 370.5, 370.5, 370.5, 370.5, 370.5, 370.5, 370.5, 370.5, 371.29, 379.0, 380.79, 386.25, 396.75, 402.0, 420.0, 423.0, 423.0, 423.0, 423.0, 423.0, 423.0, 423.0, 423.0, 425.0, 444.0, 454.5, 465.0, 501.75, 527.9, 528.0, 528.0, 528.0, 528.0, 648.75, 649.8, 685.5, 685.5, 685.5, 1499.25]"
2025-08-24T09:59:14.125309-04:00,344.25,344.25,344.25,,52,https://www.maizetix.com/games/171,"[344.25, 349.5, 349.5, 354.75, 358.95, 362.1, 364.2, 365.25, 365.25, 370.5, 370.5, 370.5, 370.5, 370.5, 370.5, 370.5, 370.5, 370.5, 370.5, 370.5, 370.5, 371.29, 379.0, 380.79, 386.25, 396.75, 402.0, 420.0, 423.0, 423.0, 423.0, 423.0, 423.0, 423.0, 423.0, 423.0, 425.0, 444.0, 454.5, 465.0, 501.75, 527.9, 528.0, 528.0, 528.0, 528.0, 648.75, 649.8, 685.5, 685.5, 685.5, 1499.25]"
2025-08-24T10:17:12.833552-04:00,344.25,344.25,344.25,,53,https://www.maizetix.com/games/171,"[344.25, 344.25, 349.5, 349.5, 354.75, 358.95, 362.1, 364.2, 365.25, 365.25, 370.5, 370.5, 370.5, 370.5, 370.5, 370.5, 370.5, 370.5, 370.5, 370.5, 370.5, 370.5, 371.29, 379.0, 380.79, 386.25, 396.75, 402.0, 420.0, 423.0, 423.0, 423.0, 423.0, 423.0, 423.0, 423.0, 423.0, 425.0, 444.0, 454.5, 465.0, 501.75, 527.9, 528.0, 528.0, 528.0, 528.0, 648.75, 649.8, 685.5, 685.5, 685.5, 1499.25]"
2025-08-24T10:32:21.226755-04:00,344.25,344.25,344.25,,53,https://www.maizetix.com/games/171,"[344.25, 344.25, 349.5, 349.5, 354.75, 358.95, 362.1, 364.2, 365.25, 365.25, 370.5, 370.5, 370.5, 370.5, 370.5, 370.5, 370.5, 370.5, 370.5, 370.5, 370.5, 370.5, 371.29, 379.0, 380.79, 386.25, 396.75, 402.0, 420.0, 423.0, 423.0, 423.0, 423.0, 423.0, 423.0, 423.0, 423.0, 425.0, 444.0, 454.5, 465.0, 501.75, 527.9, 528.0, 528.0, 528.0, 528.0, 648.75, 649.8, 685.5, 685.5, 685.5, 1499.25]"
2025-08-24T10:42:56.364143-04:00,344.25,344.25,344.25,,53,https://www.maizetix.com/games/171,"[344.25, 344.25, 349.5, 349.5, 354.75, 358.95, 362.1, 364.2, 365.25, 365.25, 370.5, 370.5, 370.5, 370.5, 370.5, 370.5, 370.5, 370.5, 370.5, 370.5, 370.5, 370.5, 371.29, 379.0, 380.79, 386.25, 396.75, 402.0, 420.0, 423.0, 423.0, 423.0, 423.0, 423.0, 423.0, 423.0, 423.0, 425.0, 444.0, 454.5, 465.0, 501.75, 527.9, 528.0, 528.0, 528.0, 528.0, 648.75, 649.8, 685.5, 685.5, 685.5, 1499.25]"
2025-08-24T10:50:14.022336-04:00,344.25,344.25,344.25,,53,https://www.maizetix.com/games/171,"[344.25, 344.25, 349.5, 349.5, 354.75, 358.95, 362.1, 364.2, 365.25, 365.25, 370.5, 370.5, 370.5, 370.5, 370.5, 370.5, 370.5, 370.5, 370.5, 370.5, 370.5, 370.5, 371.29, 379.0, 380.79, 386.25, 396.75, 402.0, 420.0, 423.0, 423.0, 423.0, 423.0, 423.0, 423.0, 423.0, 423.0, 425.0, 444.0, 454.5, 465.0, 501.75, 527.9, 528.0, 528.0, 528.0, 528.0, 648.75, 649.8, 685.5, 685.5, 685.5, 1499.25]"
2025-08-24T10:56:49.845397-04:00,344.25,344.25,344.25,,53,https://www.maizetix.com/games/171,"[344.25, 344.25, 349.5, 349.5, 354.75, 358.95, 362.1, 364.2, 365.25, 365.25, 370.5, 370.5, 370.5, 370.5, 370.5, 370.5, 370.5, 370.5, 370.5, 370.5, 370.5, 370.5, 371.29, 379.0, 380.79, 386.25, 396.75, 402.0, 420.0, 423.0, 423.0, 423.0, 423.0, 423.0, 423.0, 423.0, 423.0, 425.0, 444.0, 454.5, 465.0, 501.75, 527.9, 528.0, 528.0, 528.0, 528.0, 648.75, 649.8, 685.5, 685.5, 685.5, 1499.25]"
2025-08-24T11:13:27.911824-04:00,344.25,344.25,344.25,,53,https://www.maizetix.com/games/171,"[344.25, 344.25, 349.5, 349.5, 354.75, 358.95, 362.1, 364.2, 365.25, 365.25, 370.5, 370.5, 370.5, 370.5, 370.5, 370.5, 370.5, 370.5, 370.5, 370.5, 370.5, 370.5, 371.29, 379.0, 380.79, 386.25, 396.75, 402.0, 420.0, 423.0, 423.0, 423.0, 423.0, 423.0, 423.0, 423.0, 423.0, 425.0, 444.0, 454.5, 465.0, 501.75, 527.9, 528.0, 528.0, 528.0, 528.0, 648.75, 649.8, 685.5, 685.5, 685.5, 1499.25]"
2025-08-24T11:28:54.870477-04:00,344.25,344.25,344.25,,53,https://www.maizetix.com/games/171,"[344.25, 344.25, 349.5, 349.5, 354.75, 358.95, 362.1, 364.2, 365.25, 365.25, 370.5, 370.5, 370.5, 370.5, 370.5, 370.5, 370.5, 370.5, 370.5, 370.5, 370.5, 370.5, 371.29, 379.0, 380.79, 386.25, 396.75, 402.0, 420.0, 423.0, 423.0, 423.0, 423.0, 423.0, 423.0, 423.0, 423.0, 425.0, 444.0, 454.5, 465.0, 501.75, 527.9, 528.0, 528.0, 528.0, 528.0, 648.75, 649.8, 685.5, 685.5, 685.5, 1499.25]"
2025-08-24T11:38:28.667118-04:00,344.25,344.25,344.25,,53,https://www.maizetix.com/games/171,"[344.25, 344.25, 349.5, 349.5, 354.75, 358.95, 362.1, 364.2, 365.25, 365.25, 370.5, 370.5, 370.5, 370.5, 370.5, 370.5, 370.5, 370.5, 370.5, 370.5, 370.5, 370.5, 371.29, 379.0, 380.79, 386.25, 396.75, 402.0, 420.0, 423.0, 423.0, 423.0, 423.0, 423.0, 423.0, 423.0, 423.0, 425.0, 444.0, 454.5, 465.0, 501.75, 527.9, 528.0, 528.0, 528.0, 528.0, 648.75, 649.8, 685.5, 685.5, 685.5, 1499.25]"
2025-08-24T11:45:35.118166-04:00,344.25,344.25,344.25,,53,https://www.maizetix.com/games/171,"[344.25, 344.25, 349.5, 349.5, 354.75, 358.95, 362.1, 364.2, 365.25, 365.25, 370.5, 370.5, 370.5, 370.5, 370.5, 370.5, 370.5, 370.5, 370.5, 370.5, 370.5, 370.5, 371.29, 379.0, 380.79, 386.25, 396.75, 402.0, 420.0, 423.0, 423.0, 423.0, 423.0, 423.0, 423.0, 423.0, 423.0, 425.0, 444.0, 454.5, 465.0, 501.75, 527.9, 528.0, 528.0, 528.0, 528.0, 648.75, 649.8, 685.5, 685.5, 685.5, 1499.25]"
2025-08-24T11:52:59.879723-04:00,344.25,344.25,344.25,,53,https://www.maizetix.com/games/171,"[344.25, 344.25, 349.5, 349.5, 354.75, 358.95, 362.1, 364.2, 365.25, 365.25, 370.5, 370.5, 370.5, 370.5, 370.5, 370.5, 370.5, 370.5, 370.5, 370.5, 370.5, 370.5, 371.29, 379.0, 380.79, 386.25, 396.75, 402.0, 420.0, 423.0, 423.0, 423.0, 423.0, 423.0, 423.0, 423.0, 423.0, 425.0, 444.0, 454.5, 465.0, 501.75, 527.9, 528.0, 528.0, 528.0, 528.0, 648.75, 649.8, 685.5, 685.5, 685.5, 1499.25]"
2025-08-24T12:00:03.655738-04:00,344.25,344.25,344.25,,53,https://www.maizetix.com/games/171,"[344.25, 344.25, 349.5, 349.5, 354.75, 358.95, 362.1, 364.2, 365.25, 365.25, 370.5, 370.5, 370.5, 370.5, 370.5, 370.5, 370.5, 370.5, 370.5, 370.5, 370.5, 370.5, 371.29, 379.0, 380.79, 386.25, 396.75, 402.0, 420.0, 423.0, 423.0, 423.0, 423.0, 423.0, 423.0, 423.0, 423.0, 425.0, 444.0, 454.5, 465.0, 501.75, 527.9, 528.0, 528.0, 528.0, 528.0, 648.75, 649.8, 685.5, 685.5, 685.5, 1499.25]"
2025-08-24T12:25:45.050784-04:00,344.25,344.25,344.25,,53,https://www.maizetix.com/games/171,"[344.25, 344.25, 349.5, 349.5, 354.75, 358.95, 362.1, 364.2, 365.25, 365.25, 370.5, 370.5, 370.5, 370.5, 370.5, 370.5, 370.5, 370.5, 370.5, 370.5, 370.5, 370.5, 371.29, 379.0, 380.79, 386.25, 396.75, 402.0, 420.0, 423.0, 423.0, 423.0, 423.0, 423.0, 423.0, 423.0, 423.0, 425.0, 444.0, 454.5, 465.0, 501.75, 527.9, 528.0, 528.0, 528.0, 528.0, 648.75, 649.8, 685.5, 685.5, 685.5, 1499.25]"
2025-08-24T12:41:49.261917-04:00,344.25,344.25,344.25,,53,https://www.maizetix.com/games/171,"[344.25, 344.25, 349.5, 349.5, 354.75, 358.95, 362.1, 364.2, 365.25, 365.25, 370.5, 370.5, 370.5, 370.5, 370.5, 370.5, 370.5, 370.5, 370.5, 370.5, 370.5, 370.5, 371.29, 379.0, 380.79, 386.25, 396.75, 402.0, 420.0, 423.0, 423.0, 423.0, 423.0, 423.0, 423.0, 423.0, 423.0, 425.0, 444.0, 454.5, 465.0, 501.75, 527.9, 528.0, 528.0, 528.0, 528.0, 648.75, 649.8, 685.5, 685.5, 685.5, 1499.25]"
2025-08-24T12:51:24.529467-04:00,344.25,344.25,344.25,,53,https://www.maizetix.com/games/171,"[344.25, 344.25, 349.5, 349.5, 354.75, 358.95, 362.1, 364.2, 365.25, 365.25, 370.5, 370.5, 370.5, 370.5, 370.5, 370.5, 370.5, 370.5, 370.5, 370.5, 370.5, 370.5, 371.29, 379.0, 380.79, 386.25, 396.75, 402.0, 420.0, 423.0, 423.0, 423.0, 423.0, 423.0, 423.0, 423.0, 423.0, 425.0, 444.0, 454.5, 465.0, 501.75, 527.9, 528.0, 528.0, 528.0, 528.0, 648.75, 649.8, 685.5, 685.5, 685.5, 1499.25]"
2025-08-24T12:58:30.906813-04:00,344.25,344.25,344.25,,53,https://www.maizetix.com/games/171,"[344.25, 344.25, 349.5, 349.5, 354.75, 358.95, 362.1, 364.2, 365.25, 365.25, 370.5, 370.5, 370.5, 370.5, 370.5, 370.5, 370.5, 370.5, 370.5, 370.5, 370.5, 370.5, 371.29, 379.0, 380.79, 386.25, 396.75, 402.0, 420.0, 423.0, 423.0, 423.0, 423.0, 423.0, 423.0, 423.0, 423.0, 425.0, 444.0, 454.5, 465.0, 501.75, 527.9, 528.0, 528.0, 528.0, 528.0, 648.75, 649.8, 685.5, 685.5, 685.5, 1499.25]"
2025-08-24T13:15:27.771047-04:00,344.25,344.25,344.25,,53,https://www.maizetix.com/games/171,"[344.25, 344.25, 349.5, 349.5, 354.75, 358.95, 362.1, 364.2, 365.25, 365.25, 370.5, 370.5, 370.5, 370.5, 370.5, 370.5, 370.5, 370.5, 370.5, 370.5, 370.5, 370.5, 371.29, 379.0, 380.79, 386.25, 396.75, 402.0, 420.0, 423.0, 423.0, 423.0, 423.0, 423.0, 423.0, 423.0, 423.0, 425.0, 444.0, 454.5, 465.0, 501.75, 527.9, 528.0, 528.0, 528.0, 528.0, 648.75, 649.8, 685.5, 685.5, 685.5, 1499.25]"
2025-08-24T13:30:05.833287-04:00,344.25,344.25,344.25,,53,https://www.maizetix.com/games/171,"[344.25, 344.25, 349.5, 349.5, 354.75, 358.95, 362.1, 364.2, 365.25, 365.25, 370.5, 370.5, 370.5, 370.5, 370.5, 370.5, 370.5, 370.5, 370.5, 370.5, 370.5, 370.5, 371.29, 379.0, 380.79, 386.25, 396.75, 402.0, 420.0, 423.0, 423.0, 423.0, 423.0, 423.0, 423.0, 423.0, 423.0, 425.0, 444.0, 454.5, 465.0, 501.75, 527.9, 528.0, 528.0, 528.0, 528.0, 648.75, 649.8, 685.5, 685.5, 685.5, 1499.25]"
2025-08-24T13:39:54.901349-04:00,344.25,344.25,344.25,,53,https://www.maizetix.com/games/171,"[344.25, 344.25, 349.5, 349.5, 354.75, 358.95, 362.1, 364.2, 365.25, 365.25, 370.5, 370.5, 370.5, 370.5, 370.5, 370.5, 370.5, 370.5, 370.5, 370.5, 370.5, 370.5, 371.29, 379.0, 380.79, 386.25, 396.75, 402.0, 420.0, 423.0, 423.0, 423.0, 423.0, 423.0, 423.0, 423.0, 423.0, 425.0, 444.0, 454.5, 465.0, 501.75, 527.9, 528.0, 528.0, 528.0, 528.0, 648.75, 649.8, 685.5, 685.5, 685.5, 1499.25]"
2025-08-24T13:46:47.740887-04:00,344.25,344.25,344.25,,53,https://www.maizetix.com/games/171,"[344.25, 344.25, 349.5, 349.5, 354.75, 358.95, 362.1, 364.2, 365.25, 365.25, 370.5, 370.5, 370.5, 370.5, 370.5, 370.5, 370.5, 370.5, 370.5, 370.5, 370.5, 370.5, 371.29, 379.0, 380.79, 386.25, 396.75, 402.0, 420.0, 423.0, 423.0, 423.0, 423.0, 423.0, 423.0, 423.0, 423.0, 425.0, 444.0, 454.5, 465.0, 501.75, 527.9, 528.0, 528.0, 528.0, 528.0, 648.75, 649.8, 685.5, 685.5, 685.5, 1499.25]"
2025-08-24T13:53:49.528840-04:00,337.95,337.95,337.95,,54,https://www.maizetix.com/games/171,"[337.95, 339.0, 344.25, 344.25, 349.5, 349.5, 354.75, 358.95, 362.1, 364.2, 365.25, 365.25, 370.5, 370.5, 370.5, 370.5, 370.5, 370.5, 370.5, 370.5, 370.5, 370.5, 370.5, 370.5, 371.29, 379.0, 380.79, 386.25, 396.75, 402.0, 420.0, 423.0, 423.0, 423.0, 423.0, 423.0, 423.0, 423.0, 423.0, 425.0, 444.0, 465.0, 501.75, 527.9, 528.0, 528.0, 528.0, 528.0, 648.75, 649.8, 685.5, 685.5, 685.5, 1499.25]"
2025-08-24T14:10:31.827183-04:00,337.95,337.95,337.95,,54,https://www.maizetix.com/games/171,"[337.95, 339.0, 344.25, 344.25, 349.5, 349.5, 354.75, 358.95, 362.1, 364.2, 365.25, 365.25, 370.5, 370.5, 370.5, 370.5, 370.5, 370.5, 370.5, 370.5, 370.5, 370.5, 370.5, 370.5, 371.29, 379.0, 380.79, 386.25, 396.75, 402.0, 420.0, 423.0, 423.0, 423.0, 423.0, 423.0, 423.0, 423.0, 423.0, 425.0, 444.0, 465.0, 501.75, 527.9, 528.0, 528.0, 528.0, 528.0, 648.75, 649.8, 685.5, 685.5, 685.5, 1499.25]"
2025-08-24T14:36:58.549162-04:00,337.95,337.95,337.95,,54,https://www.maizetix.com/games/171,"[337.95, 339.0, 344.25, 344.25, 349.5, 349.5, 354.75, 358.95, 362.1, 364.2, 365.25, 365.25, 370.5, 370.5, 370.5, 370.5, 370.5, 370.5, 370.5, 370.5, 370.5, 370.5, 370.5, 370.5, 371.29, 379.0, 380.79, 386.25, 396.75, 402.0, 420.0, 423.0, 423.0, 423.0, 423.0, 423.0, 423.0, 423.0, 423.0, 425.0, 444.0, 465.0, 501.75, 527.9, 528.0, 528.0, 528.0, 528.0, 648.75, 649.8, 685.5, 685.5, 685.5, 1499.25]"
2025-08-24T14:49:54.129287-04:00,337.95,337.95,337.95,,53,https://www.maizetix.com/games/171,"[337.95, 339.0, 344.25, 344.25, 349.5, 354.75, 358.95, 362.1, 364.2, 365.25, 365.25, 370.5, 370.5, 370.5, 370.5, 370.5, 370.5, 370.5, 370.5, 370.5, 370.5, 370.5, 370.5, 371.29, 379.0, 380.79, 386.25, 396.75, 402.0, 420.0, 423.0, 423.0, 423.0, 423.0, 423.0, 423.0, 423.0, 423.0, 425.0, 444.0, 465.0, 501.75, 527.9, 528.0, 528.0, 528.0, 528.0, 648.75, 649.8, 685.5, 685.5, 685.5, 1499.25]"
2025-08-24T14:56:36.827988-04:00,337.95,337.95,337.95,,53,https://www.maizetix.com/games/171,"[337.95, 339.0, 344.25, 344.25, 349.5, 354.75, 358.95, 362.1, 364.2, 365.25, 365.25, 370.5, 370.5, 370.5, 370.5, 370.5, 370.5, 370.5, 370.5, 370.5, 370.5, 370.5, 370.5, 371.29, 379.0, 380.79, 386.25, 396.75, 402.0, 420.0, 423.0, 423.0, 423.0, 423.0, 423.0, 423.0, 423.0, 423.0, 425.0, 444.0, 465.0, 501.75, 527.9, 528.0, 528.0, 528.0, 528.0, 648.75, 649.8, 685.5, 685.5, 685.5, 1499.25]"
2025-08-24T15:11:24.499929-04:00,337.95,337.95,337.95,,53,https://www.maizetix.com/games/171,"[337.95, 339.0, 344.25, 344.25, 349.5, 354.75, 358.95, 362.1, 364.2, 365.25, 365.25, 370.5, 370.5, 370.5, 370.5, 370.5, 370.5, 370.5, 370.5, 370.5, 370.5, 370.5, 370.5, 371.29, 379.0, 380.79, 386.25, 396.75, 402.0, 420.0, 423.0, 423.0, 423.0, 423.0, 423.0, 423.0, 423.0, 423.0, 425.0, 444.0, 465.0, 501.75, 527.9, 528.0, 528.0, 528.0, 528.0, 648.75, 649.8, 685.5, 685.5, 685.5, 1499.25]"
2025-08-24T15:23:37.547117-04:00,337.95,337.95,337.95,,54,https://www.maizetix.com/games/171,"[337.95, 339.0, 344.25, 344.25, 349.5, 354.75, 358.95, 362.1, 364.2, 365.25, 365.25, 369.0, 370.5, 370.5, 370.5, 370.5, 370.5, 370.5, 370.5, 370.5, 370.5, 370.5, 370.5, 370.5, 371.29, 379.0, 380.79, 386.25, 396.75, 402.0, 420.0, 423.0, 423.0, 423.0, 423.0, 423.0, 423.0, 423.0, 423.0, 425.0, 444.0, 465.0, 501.75, 527.9, 528.0, 528.0, 528.0, 528.0, 648.75, 649.8, 685.5, 685.5, 685.5, 1499.25]"
2025-08-24T15:30:45.013266-04:00,337.95,337.95,337.95,,54,https://www.maizetix.com/games/171,"[337.95, 339.0, 344.25, 344.25, 349.5, 354.75, 358.95, 362.1, 364.2, 365.25, 365.25, 369.0, 370.5, 370.5, 370.5, 370.5, 370.5, 370.5, 370.5, 370.5, 370.5, 370.5, 370.5, 370.5, 371.29, 379.0, 380.79, 386.25, 396.75, 402.0, 420.0, 423.0, 423.0, 423.0, 423.0, 423.0, 423.0, 423.0, 423.0, 425.0, 444.0, 465.0, 501.75, 527.9, 528.0, 528.0, 528.0, 528.0, 648.75, 649.8, 685.5, 685.5, 685.5, 1499.25]"
2025-08-24T15:39:20.711473-04:00,337.95,337.95,337.95,,54,https://www.maizetix.com/games/171,"[337.95, 339.0, 344.25, 344.25, 349.5, 354.75, 358.95, 362.1, 364.2, 365.25, 365.25, 369.0, 370.5, 370.5, 370.5, 370.5, 370.5, 370.5, 370.5, 370.5, 370.5, 370.5, 370.5, 370.5, 371.29, 379.0, 380.79, 386.25, 396.75, 402.0, 420.0, 423.0, 423.0, 423.0, 423.0, 423.0, 423.0, 423.0, 423.0, 425.0, 444.0, 465.0, 501.75, 527.9, 528.0, 528.0, 528.0, 528.0, 648.75, 649.8, 685.5, 685.5, 685.5, 1499.25]"
2025-08-24T15:46:32.219003-04:00,337.95,337.95,337.95,,54,https://www.maizetix.com/games/171,"[337.95, 339.0, 344.25, 344.25, 349.5, 354.75, 358.95, 362.1, 364.2, 365.25, 365.25, 369.0, 370.5, 370.5, 370.5, 370.5, 370.5, 370.5, 370.5, 370.5, 370.5, 370.5, 370.5, 370.5, 371.29, 379.0, 380.79, 386.25, 396.75, 402.0, 420.0, 423.0, 423.0, 423.0, 423.0, 423.0, 423.0, 423.0, 423.0, 425.0, 444.0, 465.0, 501.75, 527.9, 528.0, 528.0, 528.0, 528.0, 648.75, 649.8, 685.5, 685.5, 685.5, 1499.25]"
2025-08-24T15:53:41.125160-04:00,337.95,337.95,337.95,,54,https://www.maizetix.com/games/171,"[337.95, 339.0, 344.25, 344.25, 349.5, 354.75, 358.95, 362.1, 364.2, 365.25, 365.25, 369.0, 370.5, 370.5, 370.5, 370.5, 370.5, 370.5, 370.5, 370.5, 370.5, 370.5, 370.5, 370.5, 371.29, 379.0, 380.79, 386.25, 396.75, 402.0, 420.0, 423.0, 423.0, 423.0, 423.0, 423.0, 423.0, 423.0, 423.0, 425.0, 444.0, 465.0, 501.75, 527.9, 528.0, 528.0, 528.0, 528.0, 648.75, 649.8, 685.5, 685.5, 685.5, 1499.25]"
2025-08-24T16:08:35.114599-04:00,337.95,337.95,337.95,,54,https://www.maizetix.com/games/171,"[337.95, 339.0, 344.25, 344.25, 349.5, 354.75, 358.95, 362.1, 364.2, 365.25, 365.25, 369.0, 370.5, 370.5, 370.5, 370.5, 370.5, 370.5, 370.5, 370.5, 370.5, 370.5, 370.5, 370.5, 371.29, 379.0, 380.79, 386.25, 396.75, 402.0, 420.0, 423.0, 423.0, 423.0, 423.0, 423.0, 423.0, 423.0, 423.0, 425.0, 444.0, 465.0, 501.75, 527.9, 528.0, 528.0, 528.0, 528.0, 648.75, 649.8, 685.5, 685.5, 685.5, 1499.25]"
2025-08-24T16:29:16.104417-04:00,336.9,336.9,336.9,,54,https://www.maizetix.com/games/171,"[336.9, 337.95, 339.0, 344.25, 344.25, 349.5, 354.75, 358.95, 362.1, 364.2, 365.25, 365.25, 369.0, 370.5, 370.5, 370.5, 370.5, 370.5, 370.5, 370.5, 370.5, 370.5, 370.5, 370.5, 371.29, 379.0, 380.79, 386.25, 396.75, 402.0, 420.0, 423.0, 423.0, 423.0, 423.0, 423.0, 423.0, 423.0, 423.0, 425.0, 444.0, 465.0, 501.75, 527.9, 528.0, 528.0, 528.0, 528.0, 648.75, 649.8, 685.5, 685.5, 685.5, 1499.25]"
2025-08-24T16:40:38.751718-04:00,336.9,336.9,336.9,,54,https://www.maizetix.com/games/171,"[336.9, 337.95, 339.0, 344.25, 344.25, 349.5, 354.75, 358.95, 362.1, 364.2, 365.25, 365.25, 369.0, 370.5, 370.5, 370.5, 370.5, 370.5, 370.5, 370.5, 370.5, 370.5, 370.5, 370.5, 371.29, 379.0, 380.79, 386.25, 396.75, 402.0, 420.0, 423.0, 423.0, 423.0, 423.0, 423.0, 423.0, 423.0, 423.0, 425.0, 444.0, 465.0, 501.75, 527.9, 528.0, 528.0, 528.0, 528.0, 648.75, 649.8, 685.5, 685.5, 685.5, 1499.25]"
2025-08-24T16:47:33.390721-04:00,336.9,336.9,336.9,,54,https://www.maizetix.com/games/171,"[336.9, 337.95, 339.0, 344.25, 344.25, 349.5, 354.75, 358.95, 362.1, 364.2, 365.25, 365.25, 369.0, 370.5, 370.5, 370.5, 370.5, 370.5, 370.5, 370.5, 370.5, 370.5, 370.5, 370.5, 371.29, 379.0, 380.79, 386.25, 396.75, 402.0, 420.0, 423.0, 423.0, 423.0, 423.0, 423.0, 423.0, 423.0, 423.0, 425.0, 444.0, 465.0, 501.75, 527.9, 528.0, 528.0, 528.0, 528.0, 648.75, 649.8, 685.5, 685.5, 685.5, 1499.25]"
2025-08-24T16:54:16.154536-04:00,335.85,335.85,335.85,,55,https://www.maizetix.com/games/171,"[335.85, 336.9, 337.95, 339.0, 344.25, 344.25, 349.5, 354.75, 358.95, 362.1, 364.2, 365.25, 365.25, 369.0, 370.5, 370.5, 370.5, 370.5, 370.5, 370.5, 370.5, 370.5, 370.5, 370.5, 370.5, 371.29, 379.0, 380.79, 386.25, 396.75, 402.0, 420.0, 423.0, 423.0, 423.0, 423.0, 423.0, 423.0, 423.0, 423.0, 425.0, 444.0, 465.0, 501.75, 527.9, 528.0, 528.0, 528.0, 528.0, 648.75, 649.8, 685.5, 685.5, 685.5, 1499.25]"
2025-08-24T17:07:58.755789-04:00,335.85,335.85,335.85,,55,https://www.maizetix.com/games/171,"[335.85, 336.9, 337.95, 339.0, 344.25, 344.25, 349.5, 354.75, 358.95, 362.1, 364.2, 365.25, 365.25, 369.0, 370.5, 370.5, 370.5, 370.5, 370.5, 370.5, 370.5, 370.5, 370.5, 370.5, 370.5, 371.29, 379.0, 380.79, 386.25, 396.75, 402.0, 420.0, 423.0, 423.0, 423.0, 423.0, 423.0, 423.0, 423.0, 423.0, 425.0, 444.0, 465.0, 501.75, 527.9, 528.0, 528.0, 528.0, 528.0, 648.75, 649.8, 685.5, 685.5, 685.5, 1499.25]"
2025-08-24T17:25:10.540078-04:00,335.85,335.85,335.85,,55,https://www.maizetix.com/games/171,"[335.85, 336.9, 337.95, 339.0, 344.25, 344.25, 349.5, 354.75, 358.95, 362.1, 364.2, 365.25, 365.25, 369.0, 370.5, 370.5, 370.5, 370.5, 370.5, 370.5, 370.5, 370.5, 370.5, 370.5, 370.5, 371.29, 379.0, 380.79, 386.25, 396.75, 402.0, 420.0, 423.0, 423.0, 423.0, 423.0, 423.0, 423.0, 423.0, 423.0, 425.0, 444.0, 465.0, 501.75, 527.9, 528.0, 528.0, 528.0, 528.0, 648.75, 649.8, 685.5, 685.5, 685.5, 1499.25]"
2025-08-24T17:34:11.582443-04:00,335.85,335.85,335.85,,55,https://www.maizetix.com/games/171,"[335.85, 336.9, 337.95, 339.0, 344.25, 344.25, 349.5, 354.75, 358.95, 362.1, 364.2, 365.25, 365.25, 369.0, 370.5, 370.5, 370.5, 370.5, 370.5, 370.5, 370.5, 370.5, 370.5, 370.5, 370.5, 371.29, 379.0, 380.79, 386.25, 396.75, 402.0, 420.0, 423.0, 423.0, 423.0, 423.0, 423.0, 423.0, 423.0, 423.0, 425.0, 444.0, 465.0, 501.75, 527.9, 528.0, 528.0, 528.0, 528.0, 648.75, 649.8, 685.5, 685.5, 685.5, 1499.25]"
2025-08-24T17:41:54.087181-04:00,335.85,335.85,335.85,,55,https://www.maizetix.com/games/171,"[335.85, 336.9, 337.95, 339.0, 344.25, 344.25, 349.5, 354.75, 358.95, 362.1, 364.2, 365.25, 365.25, 369.0, 370.5, 370.5, 370.5, 370.5, 370.5, 370.5, 370.5, 370.5, 370.5, 370.5, 370.5, 371.29, 379.0, 380.79, 386.25, 396.75, 402.0, 420.0, 423.0, 423.0, 423.0, 423.0, 423.0, 423.0, 423.0, 423.0, 425.0, 444.0, 465.0, 501.75, 527.9, 528.0, 528.0, 528.0, 528.0, 648.75, 649.8, 685.5, 685.5, 685.5, 1499.25]"
2025-08-24T17:48:55.532591-04:00,335.85,335.85,335.85,,55,https://www.maizetix.com/games/171,"[335.85, 336.9, 337.95, 339.0, 344.25, 344.25, 349.5, 354.75, 358.95, 362.1, 364.2, 365.25, 365.25, 369.0, 370.5, 370.5, 370.5, 370.5, 370.5, 370.5, 370.5, 370.5, 370.5, 370.5, 370.5, 371.29, 379.0, 380.79, 386.25, 396.75, 402.0, 420.0, 423.0, 423.0, 423.0, 423.0, 423.0, 423.0, 423.0, 423.0, 425.0, 444.0, 465.0, 501.75, 527.9, 528.0, 528.0, 528.0, 528.0, 648.75, 649.8, 685.5, 685.5, 685.5, 1499.25]"
2025-08-24T17:56:11.324573-04:00,318.0,318.0,318.0,,56,https://www.maizetix.com/games/171,"[318.0, 335.85, 336.9, 337.95, 339.0, 344.25, 344.25, 349.5, 354.75, 358.95, 362.1, 364.2, 365.25, 365.25, 369.0, 370.5, 370.5, 370.5, 370.5, 370.5, 370.5, 370.5, 370.5, 370.5, 370.5, 370.5, 371.29, 379.0, 380.79, 386.25, 396.75, 402.0, 420.0, 423.0, 423.0, 423.0, 423.0, 423.0, 423.0, 423.0, 423.0, 425.0, 444.0, 465.0, 501.75, 527.9, 528.0, 528.0, 528.0, 528.0, 648.75, 649.8, 685.5, 685.5, 685.5, 1499.25]"
2025-08-24T18:12:25.728554-04:00,318.0,318.0,318.0,,57,https://www.maizetix.com/games/171,"[318.0, 335.85, 336.9, 337.95, 339.0, 344.25, 344.25, 349.5, 354.75, 358.95, 362.1, 364.2, 365.25, 365.25, 369.0, 370.5, 370.5, 370.5, 370.5, 370.5, 370.5, 370.5, 370.5, 370.5, 370.5, 370.5, 371.29, 379.0, 380.79, 386.25, 396.75, 402.0, 420.0, 423.0, 423.0, 423.0, 423.0, 423.0, 423.0, 423.0, 423.0, 425.0, 444.0, 465.0, 501.75, 527.9, 528.0, 528.0, 528.0, 528.0, 554.25, 648.75, 649.8, 685.5, 685.5, 685.5, 1499.25]"
2025-08-24T18:31:37.638598-04:00,318.0,318.0,318.0,,57,https://www.maizetix.com/games/171,"[318.0, 335.85, 336.9, 337.95, 339.0, 344.25, 344.25, 349.5, 354.75, 358.95, 362.1, 364.2, 365.25, 365.25, 369.0, 370.5, 370.5, 370.5, 370.5, 370.5, 370.5, 370.5, 370.5, 370.5, 370.5, 370.5, 371.29, 379.0, 380.79, 386.25, 396.75, 402.0, 420.0, 423.0, 423.0, 423.0, 423.0, 423.0, 423.0, 423.0, 423.0, 425.0, 444.0, 465.0, 501.75, 527.9, 528.0, 528.0, 528.0, 528.0, 554.25, 648.75, 649.8, 685.5, 685.5, 685.5, 1499.25]"
2025-08-24T18:43:34.975342-04:00,318.0,318.0,318.0,,57,https://www.maizetix.com/games/171,"[318.0, 335.85, 336.9, 337.95, 339.0, 344.25, 344.25, 349.5, 354.75, 358.95, 362.1, 364.2, 365.25, 365.25, 369.0, 370.5, 370.5, 370.5, 370.5, 370.5, 370.5, 370.5, 370.5, 370.5, 370.5, 370.5, 371.29, 379.0, 380.79, 386.25, 396.75, 402.0, 420.0, 423.0, 423.0, 423.0, 423.0, 423.0, 423.0, 423.0, 423.0, 425.0, 444.0, 465.0, 501.75, 527.9, 528.0, 528.0, 528.0, 528.0, 554.25, 648.75, 649.8, 685.5, 685.5, 685.5, 1499.25]"
2025-08-24T18:50:17.258663-04:00,318.0,318.0,318.0,,57,https://www.maizetix.com/games/171,"[318.0, 335.85, 336.9, 337.95, 339.0, 344.25, 344.25, 349.5, 354.75, 358.95, 362.1, 364.2, 365.25, 365.25, 369.0, 370.5, 370.5, 370.5, 370.5, 370.5, 370.5, 370.5, 370.5, 370.5, 370.5, 370.5, 371.29, 379.0, 380.79, 386.25, 396.75, 402.0, 420.0, 423.0, 423.0, 423.0, 423.0, 423.0, 423.0, 423.0, 423.0, 425.0, 444.0, 465.0, 501.75, 527.9, 528.0, 528.0, 528.0, 528.0, 554.25, 648.75, 649.8, 685.5, 685.5, 685.5, 1499.25]"
2025-08-24T18:57:13.401685-04:00,318.0,318.0,318.0,,57,https://www.maizetix.com/games/171,"[318.0, 335.85, 336.9, 337.95, 339.0, 344.25, 344.25, 349.5, 354.75, 358.95, 362.1, 364.2, 365.25, 365.25, 369.0, 370.5, 370.5, 370.5, 370.5, 370.5, 370.5, 370.5, 370.5, 370.5, 370.5, 370.5, 371.29, 379.0, 380.79, 386.25, 396.75, 402.0, 420.0, 423.0, 423.0, 423.0, 423.0, 423.0, 423.0, 423.0, 423.0, 425.0, 444.0, 465.0, 501.75, 527.9, 528.0, 528.0, 528.0, 528.0, 554.25, 648.75, 649.8, 685.5, 685.5, 685.5, 1499.25]"
2025-08-24T19:14:27.838682-04:00,318.0,318.0,318.0,,57,https://www.maizetix.com/games/171,"[318.0, 335.85, 336.9, 337.95, 339.0, 344.25, 344.25, 349.5, 354.75, 358.95, 362.1, 364.2, 365.25, 365.25, 369.0, 370.5, 370.5, 370.5, 370.5, 370.5, 370.5, 370.5, 370.5, 370.5, 370.5, 370.5, 371.29, 379.0, 380.79, 386.25, 396.75, 402.0, 420.0, 423.0, 423.0, 423.0, 423.0, 423.0, 423.0, 423.0, 423.0, 425.0, 444.0, 465.0, 501.75, 527.9, 528.0, 528.0, 528.0, 528.0, 554.25, 648.75, 649.8, 685.5, 685.5, 685.5, 1499.25]"
2025-08-24T19:28:43.694604-04:00,318.0,318.0,318.0,,57,https://www.maizetix.com/games/171,"[318.0, 335.85, 336.9, 337.95, 339.0, 344.25, 344.25, 349.5, 354.75, 358.95, 362.1, 364.2, 365.25, 365.25, 369.0, 370.5, 370.5, 370.5, 370.5, 370.5, 370.5, 370.5, 370.5, 370.5, 370.5, 370.5, 371.29, 379.0, 380.79, 386.25, 396.75, 402.0, 420.0, 423.0, 423.0, 423.0, 423.0, 423.0, 423.0, 423.0, 423.0, 425.0, 444.0, 465.0, 501.75, 527.9, 528.0, 528.0, 528.0, 528.0, 554.25, 648.75, 649.8, 685.5, 685.5, 685.5, 1499.25]"
2025-08-24T19:38:38.704714-04:00,318.0,318.0,318.0,,57,https://www.maizetix.com/games/171,"[318.0, 335.85, 336.9, 337.95, 339.0, 344.25, 344.25, 349.5, 354.75, 358.95, 362.1, 364.2, 365.25, 365.25, 369.0, 370.5, 370.5, 370.5, 370.5, 370.5, 370.5, 370.5, 370.5, 370.5, 370.5, 370.5, 371.29, 379.0, 380.79, 386.25, 396.75, 402.0, 420.0, 423.0, 423.0, 423.0, 423.0, 423.0, 423.0, 423.0, 423.0, 425.0, 444.0, 465.0, 501.75, 527.9, 528.0, 528.0, 528.0, 528.0, 554.25, 648.75, 649.8, 685.5, 685.5, 685.5, 1499.25]"
2025-08-24T19:45:42.968777-04:00,318.0,318.0,318.0,,57,https://www.maizetix.com/games/171,"[318.0, 335.85, 336.9, 337.95, 339.0, 344.25, 344.25, 349.5, 354.75, 358.95, 362.1, 364.2, 365.25, 365.25, 369.0, 370.5, 370.5, 370.5, 370.5, 370.5, 370.5, 370.5, 370.5, 370.5, 370.5, 370.5, 371.29, 379.0, 380.79, 386.25, 396.75, 402.0, 420.0, 423.0, 423.0, 423.0, 423.0, 423.0, 423.0, 423.0, 423.0, 425.0, 444.0, 465.0, 501.75, 527.9, 528.0, 528.0, 528.0, 528.0, 554.25, 648.75, 649.8, 685.5, 685.5, 685.5, 1499.25]"
2025-08-24T19:52:53.183456-04:00,335.85,335.85,335.85,,56,https://www.maizetix.com/games/171,"[335.85, 336.9, 337.95, 339.0, 344.25, 344.25, 349.5, 354.75, 358.95, 362.1, 364.2, 365.25, 365.25, 369.0, 370.5, 370.5, 370.5, 370.5, 370.5, 370.5, 370.5, 370.5, 370.5, 370.5, 370.5, 371.29, 379.0, 380.79, 386.25, 396.75, 402.0, 420.0, 423.0, 423.0, 423.0, 423.0, 423.0, 423.0, 423.0, 423.0, 425.0, 444.0, 465.0, 501.75, 527.9, 528.0, 528.0, 528.0, 528.0, 554.25, 648.75, 649.8, 685.5, 685.5, 685.5, 1499.25]"
2025-08-24T19:59:36.550956-04:00,318.0,318.0,318.0,,58,https://www.maizetix.com/games/171,"[318.0, 335.85, 336.9, 337.95, 339.0, 344.25, 344.25, 349.5, 354.75, 358.95, 362.1, 364.2, 365.25, 365.25, 369.0, 370.5, 370.5, 370.5, 370.5, 370.5, 370.5, 370.5, 370.5, 370.5, 370.5, 370.5, 371.29, 379.0, 380.79, 386.25, 396.75, 402.0, 420.0, 423.0, 423.0, 423.0, 423.0, 423.0, 423.0, 423.0, 423.0, 425.0, 444.0, 465.0, 500.7, 501.75, 527.9, 528.0, 528.0, 528.0, 528.0, 554.25, 648.75, 649.8, 685.5, 685.5, 685.5, 1499.25]"
2025-08-24T21:48:50.944495-04:00,318.0,318.0,318.0,,59,https://www.maizetix.com/games/171,"[318.0, 335.85, 336.9, 337.95, 339.0, 339.0, 344.25, 344.25, 349.5, 354.75, 358.95, 362.1, 364.2, 365.25, 365.25, 369.0, 370.5, 370.5, 370.5, 370.5, 370.5, 370.5, 370.5, 370.5, 370.5, 370.5, 370.5, 371.29, 379.0, 380.79, 386.25, 396.75, 402.0, 420.0, 423.0, 423.0, 423.0, 423.0, 423.0, 423.0, 423.0, 423.0, 425.0, 444.0, 465.0, 500.7, 501.75, 527.9, 528.0, 528.0, 528.0, 528.0, 554.25, 648.75, 649.8, 685.5, 685.5, 685.5, 1499.25]"
2025-08-24T23:07:31.677515-04:00,318.0,318.0,318.0,,59,https://www.maizetix.com/games/171,"[318.0, 328.5, 335.85, 336.9, 337.95, 339.0, 344.25, 344.25, 349.5, 354.75, 358.95, 362.1, 364.2, 365.25, 365.25, 369.0, 370.5, 370.5, 370.5, 370.5, 370.5, 370.5, 370.5, 370.5, 370.5, 370.5, 370.5, 370.5, 371.29, 379.0, 380.79, 386.25, 396.75, 402.0, 420.0, 423.0, 423.0, 423.0, 423.0, 423.0, 423.0, 423.0, 423.0, 425.0, 444.0, 465.0, 500.7, 501.75, 527.9, 528.0, 528.0, 528.0, 528.0, 554.25, 648.75, 649.8, 685.5, 685.5, 1499.25]"
2025-08-24T23:52:39.904831-04:00,318.0,318.0,318.0,,61,https://www.maizetix.com/games/171,"[318.0, 318.0, 333.75, 335.85, 336.9, 337.95, 339.0, 344.25, 344.25, 349.5, 354.75, 358.95, 362.1, 364.2, 365.25, 365.25, 369.0, 370.5, 370.5, 370.5, 370.5, 370.5, 370.5, 370.5, 370.5, 370.5, 370.5, 370.5, 370.5, 371.29, 379.0, 380.79, 386.25, 396.75, 402.0, 420.0, 423.0, 423.0, 423.0, 423.0, 423.0, 423.0, 423.0, 423.0, 425.0, 444.0, 465.0, 500.7, 501.75, 527.9, 528.0, 528.0, 528.0, 528.0, 528.0, 554.25, 648.75, 649.8, 685.5, 685.5, 1499.25]"
2025-08-25T00:15:20.018040-04:00,318.0,318.0,318.0,,61,https://www.maizetix.com/games/171,"[318.0, 318.0, 318.0, 333.75, 335.85, 337.95, 339.0, 344.25, 344.25, 349.5, 354.75, 358.95, 362.1, 364.2, 365.25, 365.25, 369.0, 370.5, 370.5, 370.5, 370.5, 370.5, 370.5, 370.5, 370.5, 370.5, 370.5, 370.5, 370.5, 371.29, 379.0, 380.79, 386.25, 396.75, 402.0, 420.0, 423.0, 423.0, 423.0, 423.0, 423.0, 423.0, 423.0, 423.0, 425.0, 444.0, 465.0, 500.7, 501.75, 527.9, 528.0, 528.0, 528.0, 528.0, 528.0, 554.25, 648.75, 649.8, 685.5, 685.5, 1499.25]"
2025-08-25T00:42:40.989371-04:00,318.0,318.0,318.0,,61,https://www.maizetix.com/games/171,"[318.0, 318.0, 318.0, 333.75, 335.85, 337.95, 339.0, 344.25, 344.25, 349.5, 354.75, 358.95, 362.1, 364.2, 365.25, 365.25, 369.0, 370.5, 370.5, 370.5, 370.5, 370.5, 370.5, 370.5, 370.5, 370.5, 370.5, 370.5, 370.5, 371.29, 379.0, 380.79, 386.25, 396.75, 402.0, 420.0, 423.0, 423.0, 423.0, 423.0, 423.0, 423.0, 423.0, 423.0, 425.0, 444.0, 465.0, 500.7, 501.75, 527.9, 528.0, 528.0, 528.0, 528.0, 528.0, 554.25, 648.75, 649.8, 685.5, 685.5, 1499.25]"
2025-08-25T00:55:02.878535-04:00,318.0,318.0,318.0,,61,https://www.maizetix.com/games/171,"[318.0, 318.0, 318.0, 333.75, 335.85, 337.95, 339.0, 344.25, 344.25, 349.5, 354.75, 358.95, 362.1, 364.2, 365.25, 365.25, 369.0, 370.5, 370.5, 370.5, 370.5, 370.5, 370.5, 370.5, 370.5, 370.5, 370.5, 370.5, 370.5, 371.29, 379.0, 380.79, 386.25, 396.75, 402.0, 420.0, 423.0, 423.0, 423.0, 423.0, 423.0, 423.0, 423.0, 423.0, 425.0, 444.0, 465.0, 500.7, 501.75, 527.9, 528.0, 528.0, 528.0, 528.0, 528.0, 554.25, 648.75, 649.8, 685.5, 685.5, 1499.25]"
2025-08-25T01:12:37.165688-04:00,318.0,318.0,318.0,,61,https://www.maizetix.com/games/171,"[318.0, 318.0, 318.0, 333.75, 335.85, 337.95, 339.0, 344.25, 344.25, 349.5, 354.75, 358.95, 362.1, 364.2, 365.25, 365.25, 369.0, 370.5, 370.5, 370.5, 370.5, 370.5, 370.5, 370.5, 370.5, 370.5, 370.5, 370.5, 370.5, 371.29, 379.0, 380.79, 386.25, 396.75, 402.0, 420.0, 423.0, 423.0, 423.0, 423.0, 423.0, 423.0, 423.0, 423.0, 425.0, 444.0, 465.0, 500.7, 501.75, 527.9, 528.0, 528.0, 528.0, 528.0, 528.0, 554.25, 648.75, 649.8, 685.5, 685.5, 1499.25]"
2025-08-25T01:33:41.182897-04:00,318.0,318.0,318.0,,61,https://www.maizetix.com/games/171,"[318.0, 318.0, 318.0, 333.75, 335.85, 337.95, 339.0, 344.25, 344.25, 349.5, 354.75, 358.95, 362.1, 364.2, 365.25, 365.25, 369.0, 370.5, 370.5, 370.5, 370.5, 370.5, 370.5, 370.5, 370.5, 370.5, 370.5, 370.5, 370.5, 371.29, 379.0, 380.79, 386.25, 396.75, 402.0, 420.0, 423.0, 423.0, 423.0, 423.0, 423.0, 423.0, 423.0, 423.0, 425.0, 444.0, 465.0, 500.7, 501.75, 527.9, 528.0, 528.0, 528.0, 528.0, 528.0, 554.25, 648.75, 649.8, 685.5, 685.5, 1499.25]"
2025-08-25T01:46:15.277149-04:00,318.0,318.0,318.0,,61,https://www.maizetix.com/games/171,"[318.0, 318.0, 318.0, 333.75, 335.85, 337.95, 339.0, 344.25, 344.25, 349.5, 354.75, 358.95, 362.1, 364.2, 365.25, 365.25, 369.0, 370.5, 370.5, 370.5, 370.5, 370.5, 370.5, 370.5, 370.5, 370.5, 370.5, 370.5, 370.5, 371.29, 379.0, 380.79, 386.25, 396.75, 402.0, 420.0, 423.0, 423.0, 423.0, 423.0, 423.0, 423.0, 423.0, 423.0, 425.0, 444.0, 465.0, 500.7, 501.75, 527.9, 528.0, 528.0, 528.0, 528.0, 528.0, 554.25, 648.75, 649.8, 685.5, 685.5, 1499.25]"
2025-08-25T01:52:54.658331-04:00,318.0,318.0,318.0,,61,https://www.maizetix.com/games/171,"[318.0, 318.0, 318.0, 333.75, 335.85, 337.95, 339.0, 344.25, 344.25, 349.5, 354.75, 358.95, 362.1, 364.2, 365.25, 365.25, 369.0, 370.5, 370.5, 370.5, 370.5, 370.5, 370.5, 370.5, 370.5, 370.5, 370.5, 370.5, 370.5, 371.29, 379.0, 380.79, 386.25, 396.75, 402.0, 420.0, 423.0, 423.0, 423.0, 423.0, 423.0, 423.0, 423.0, 423.0, 425.0, 444.0, 465.0, 500.7, 501.75, 527.9, 528.0, 528.0, 528.0, 528.0, 528.0, 554.25, 648.75, 649.8, 685.5, 685.5, 1499.25]"
2025-08-25T01:59:43.584409-04:00,318.0,318.0,318.0,,61,https://www.maizetix.com/games/171,"[318.0, 318.0, 318.0, 333.75, 335.85, 337.95, 339.0, 344.25, 344.25, 349.5, 354.75, 358.95, 362.1, 364.2, 365.25, 365.25, 369.0, 370.5, 370.5, 370.5, 370.5, 370.5, 370.5, 370.5, 370.5, 370.5, 370.5, 370.5, 370.5, 371.29, 379.0, 380.79, 386.25, 396.75, 402.0, 420.0, 423.0, 423.0, 423.0, 423.0, 423.0, 423.0, 423.0, 423.0, 425.0, 444.0, 465.0, 500.7, 501.75, 527.9, 528.0, 528.0, 528.0, 528.0, 528.0, 554.25, 648.75, 649.8, 685.5, 685.5, 1499.25]"
2025-08-25T02:35:04.182878-04:00,318.0,318.0,318.0,,61,https://www.maizetix.com/games/171,"[318.0, 318.0, 318.0, 333.75, 335.85, 337.95, 339.0, 344.25, 344.25, 349.5, 354.75, 358.95, 362.1, 364.2, 365.25, 365.25, 369.0, 370.5, 370.5, 370.5, 370.5, 370.5, 370.5, 370.5, 370.5, 370.5, 370.5, 370.5, 370.5, 371.29, 379.0, 380.79, 386.25, 396.75, 402.0, 412.5, 420.0, 423.0, 423.0, 423.0, 423.0, 423.0, 423.0, 423.0, 425.0, 444.0, 465.0, 500.7, 501.75, 527.9, 528.0, 528.0, 528.0, 528.0, 528.0, 554.25, 648.75, 649.8, 685.5, 685.5, 1499.25]"
2025-08-25T02:54:38.233464-04:00,318.0,318.0,318.0,,61,https://www.maizetix.com/games/171,"[318.0, 318.0, 318.0, 333.75, 335.85, 337.95, 339.0, 344.25, 344.25, 349.5, 354.75, 358.95, 362.1, 364.2, 365.25, 365.25, 369.0, 370.5, 370.5, 370.5, 370.5, 370.5, 370.5, 370.5, 370.5, 370.5, 370.5, 370.5, 370.5, 371.29, 379.0, 380.79, 386.25, 396.75, 402.0, 412.5, 420.0, 423.0, 423.0, 423.0, 423.0, 423.0, 423.0, 423.0, 425.0, 444.0, 465.0, 500.7, 501.75, 527.9, 528.0, 528.0, 528.0, 528.0, 528.0, 554.25, 648.75, 649.8, 685.5, 685.5, 1499.25]"
2025-08-25T03:11:47.467081-04:00,318.0,318.0,318.0,,61,https://www.maizetix.com/games/171,"[318.0, 318.0, 318.0, 333.75, 335.85, 337.95, 339.0, 344.25, 344.25, 349.5, 354.75, 358.95, 362.1, 364.2, 365.25, 365.25, 369.0, 370.5, 370.5, 370.5, 370.5, 370.5, 370.5, 370.5, 370.5, 370.5, 370.5, 370.5, 370.5, 371.29, 379.0, 380.79, 386.25, 396.75, 402.0, 412.5, 420.0, 423.0, 423.0, 423.0, 423.0, 423.0, 423.0, 423.0, 425.0, 444.0, 465.0, 500.7, 501.75, 527.9, 528.0, 528.0, 528.0, 528.0, 528.0, 554.25, 648.75, 649.8, 685.5, 685.5, 1499.25]"
2025-08-25T03:30:08.951692-04:00,318.0,318.0,318.0,,61,https://www.maizetix.com/games/171,"[318.0, 318.0, 318.0, 333.75, 335.85, 337.95, 339.0, 344.25, 344.25, 349.5, 354.75, 358.95, 362.1, 364.2, 365.25, 365.25, 369.0, 370.5, 370.5, 370.5, 370.5, 370.5, 370.5, 370.5, 370.5, 370.5, 370.5, 370.5, 370.5, 371.29, 379.0, 380.79, 386.25, 396.75, 402.0, 412.5, 420.0, 423.0, 423.0, 423.0, 423.0, 423.0, 423.0, 423.0, 425.0, 444.0, 465.0, 500.7, 501.75, 527.9, 528.0, 528.0, 528.0, 528.0, 528.0, 554.25, 648.75, 649.8, 685.5, 685.5, 1499.25]"
2025-08-25T03:41:01.799510-04:00,318.0,318.0,318.0,,61,https://www.maizetix.com/games/171,"[318.0, 318.0, 318.0, 333.75, 335.85, 337.95, 339.0, 344.25, 344.25, 349.5, 354.75, 358.95, 362.1, 364.2, 365.25, 365.25, 369.0, 370.5, 370.5, 370.5, 370.5, 370.5, 370.5, 370.5, 370.5, 370.5, 370.5, 370.5, 370.5, 371.29, 379.0, 380.79, 386.25, 396.75, 402.0, 412.5, 420.0, 423.0, 423.0, 423.0, 423.0, 423.0, 423.0, 423.0, 425.0, 444.0, 465.0, 500.7, 501.75, 527.9, 528.0, 528.0, 528.0, 528.0, 528.0, 554.25, 648.75, 649.8, 685.5, 685.5, 1499.25]"
2025-08-25T03:47:52.655898-04:00,318.0,318.0,318.0,,61,https://www.maizetix.com/games/171,"[318.0, 318.0, 318.0, 333.75, 335.85, 337.95, 339.0, 344.25, 344.25, 349.5, 354.75, 358.95, 362.1, 364.2, 365.25, 365.25, 369.0, 370.5, 370.5, 370.5, 370.5, 370.5, 370.5, 370.5, 370.5, 370.5, 370.5, 370.5, 370.5, 371.29, 379.0, 380.79, 386.25, 396.75, 402.0, 412.5, 420.0, 423.0, 423.0, 423.0, 423.0, 423.0, 423.0, 423.0, 425.0, 444.0, 465.0, 500.7, 501.75, 527.9, 528.0, 528.0, 528.0, 528.0, 528.0, 554.25, 648.75, 649.8, 685.5, 685.5, 1499.25]"
2025-08-25T03:55:00.798808-04:00,318.0,318.0,318.0,,61,https://www.maizetix.com/games/171,"[318.0, 318.0, 318.0, 333.75, 335.85, 337.95, 339.0, 344.25, 344.25, 349.5, 354.75, 358.95, 362.1, 364.2, 365.25, 365.25, 369.0, 370.5, 370.5, 370.5, 370.5, 370.5, 370.5, 370.5, 370.5, 370.5, 370.5, 370.5, 370.5, 371.29, 379.0, 380.79, 386.25, 396.75, 402.0, 412.5, 420.0, 423.0, 423.0, 423.0, 423.0, 423.0, 423.0, 423.0, 425.0, 444.0, 465.0, 500.7, 501.75, 527.9, 528.0, 528.0, 528.0, 528.0, 528.0, 554.25, 648.75, 649.8, 685.5, 685.5, 1499.25]"
2025-08-25T04:16:51.454965-04:00,318.0,318.0,318.0,,61,https://www.maizetix.com/games/171,"[318.0, 318.0, 318.0, 333.75, 335.85, 337.95, 339.0, 344.25, 344.25, 349.5, 354.75, 358.95, 362.1, 364.2, 365.25, 365.25, 369.0, 370.5, 370.5, 370.5, 370.5, 370.5, 370.5, 370.5, 370.5, 370.5, 370.5, 370.5, 370.5, 371.29, 379.0, 380.79, 386.25, 396.75, 402.0, 412.5, 420.0, 423.0, 423.0, 423.0, 423.0, 423.0, 423.0, 423.0, 425.0, 444.0, 465.0, 500.7, 501.75, 527.9, 528.0, 528.0, 528.0, 528.0, 528.0, 554.25, 648.75, 649.8, 685.5, 685.5, 1499.25]"
2025-08-25T04:44:09.284520-04:00,318.0,318.0,318.0,,61,https://www.maizetix.com/games/171,"[318.0, 318.0, 318.0, 333.75, 335.85, 337.95, 339.0, 344.25, 344.25, 349.5, 354.75, 358.95, 362.1, 364.2, 365.25, 365.25, 369.0, 370.5, 370.5, 370.5, 370.5, 370.5, 370.5, 370.5, 370.5, 370.5, 370.5, 370.5, 370.5, 371.29, 379.0, 380.79, 386.25, 396.75, 402.0, 412.5, 420.0, 423.0, 423.0, 423.0, 423.0, 423.0, 423.0, 423.0, 425.0, 444.0, 465.0, 500.7, 501.75, 527.9, 528.0, 528.0, 528.0, 528.0, 528.0, 554.25, 648.75, 649.8, 685.5, 685.5, 1499.25]"
2025-08-25T04:57:36.416547-04:00,318.0,318.0,318.0,,61,https://www.maizetix.com/games/171,"[318.0, 318.0, 318.0, 333.75, 335.85, 337.95, 339.0, 344.25, 344.25, 349.5, 354.75, 358.95, 362.1, 364.2, 365.25, 365.25, 369.0, 370.5, 370.5, 370.5, 370.5, 370.5, 370.5, 370.5, 370.5, 370.5, 370.5, 370.5, 370.5, 371.29, 379.0, 380.79, 386.25, 396.75, 402.0, 412.5, 420.0, 423.0, 423.0, 423.0, 423.0, 423.0, 423.0, 423.0, 425.0, 444.0, 465.0, 500.7, 501.75, 527.9, 528.0, 528.0, 528.0, 528.0, 528.0, 554.25, 648.75, 649.8, 685.5, 685.5, 1499.25]"
2025-08-25T05:19:25.827848-04:00,318.0,318.0,318.0,,61,https://www.maizetix.com/games/171,"[318.0, 318.0, 318.0, 333.75, 335.85, 337.95, 339.0, 344.25, 344.25, 349.5, 354.75, 358.95, 362.1, 364.2, 365.25, 365.25, 369.0, 370.5, 370.5, 370.5, 370.5, 370.5, 370.5, 370.5, 370.5, 370.5, 370.5, 370.5, 370.5, 371.29, 379.0, 380.79, 386.25, 396.75, 402.0, 412.5, 420.0, 423.0, 423.0, 423.0, 423.0, 423.0, 423.0, 423.0, 425.0, 444.0, 465.0, 500.7, 501.75, 527.9, 528.0, 528.0, 528.0, 528.0, 528.0, 554.25, 648.75, 649.8, 685.5, 685.5, 1499.25]"
2025-08-25T05:38:06.797309-04:00,318.0,318.0,318.0,,61,https://www.maizetix.com/games/171,"[318.0, 318.0, 318.0, 333.75, 335.85, 337.95, 339.0, 344.25, 344.25, 349.5, 354.75, 358.95, 362.1, 364.2, 365.25, 365.25, 369.0, 370.5, 370.5, 370.5, 370.5, 370.5, 370.5, 370.5, 370.5, 370.5, 370.5, 370.5, 370.5, 371.29, 379.0, 380.79, 386.25, 396.75, 402.0, 412.5, 420.0, 423.0, 423.0, 423.0, 423.0, 423.0, 423.0, 423.0, 425.0, 444.0, 465.0, 500.7, 501.75, 527.9, 528.0, 528.0, 528.0, 528.0, 528.0, 554.25, 648.75, 649.8, 685.5, 685.5, 1499.25]"
2025-08-25T05:47:58.235938-04:00,318.0,318.0,318.0,,61,https://www.maizetix.com/games/171,"[318.0, 318.0, 318.0, 333.75, 335.85, 337.95, 339.0, 344.25, 344.25, 349.5, 354.75, 358.95, 362.1, 364.2, 365.25, 365.25, 369.0, 370.5, 370.5, 370.5, 370.5, 370.5, 370.5, 370.5, 370.5, 370.5, 370.5, 370.5, 370.5, 371.29, 379.0, 380.79, 386.25, 396.75, 402.0, 412.5, 420.0, 423.0, 423.0, 423.0, 423.0, 423.0, 423.0, 423.0, 425.0, 444.0, 465.0, 500.7, 501.75, 527.9, 528.0, 528.0, 528.0, 528.0, 528.0, 554.25, 648.75, 649.8, 685.5, 685.5, 1499.25]"
2025-08-25T05:54:42.149715-04:00,318.0,318.0,318.0,,61,https://www.maizetix.com/games/171,"[318.0, 318.0, 318.0, 333.75, 335.85, 337.95, 339.0, 344.25, 344.25, 349.5, 354.75, 358.95, 362.1, 364.2, 365.25, 365.25, 369.0, 370.5, 370.5, 370.5, 370.5, 370.5, 370.5, 370.5, 370.5, 370.5, 370.5, 370.5, 370.5, 371.29, 379.0, 380.79, 386.25, 396.75, 402.0, 412.5, 420.0, 423.0, 423.0, 423.0, 423.0, 423.0, 423.0, 423.0, 425.0, 444.0, 465.0, 500.7, 501.75, 527.9, 528.0, 528.0, 528.0, 528.0, 528.0, 554.25, 648.75, 649.8, 685.5, 685.5, 1499.25]"
2025-08-25T06:12:55.417182-04:00,318.0,318.0,318.0,,61,https://www.maizetix.com/games/171,"[318.0, 318.0, 318.0, 333.75, 335.85, 337.95, 339.0, 344.25, 344.25, 349.5, 354.75, 358.95, 362.1, 364.2, 365.25, 365.25, 369.0, 370.5, 370.5, 370.5, 370.5, 370.5, 370.5, 370.5, 370.5, 370.5, 370.5, 370.5, 370.5, 371.29, 379.0, 380.79, 386.25, 396.75, 402.0, 412.5, 420.0, 423.0, 423.0, 423.0, 423.0, 423.0, 423.0, 423.0, 425.0, 444.0, 465.0, 500.7, 501.75, 527.9, 528.0, 528.0, 528.0, 528.0, 528.0, 554.25, 648.75, 649.8, 685.5, 685.5, 1499.25]"
2025-08-25T06:36:47.895757-04:00,318.0,318.0,318.0,,61,https://www.maizetix.com/games/171,"[318.0, 318.0, 318.0, 333.75, 335.85, 337.95, 339.0, 344.25, 344.25, 349.5, 354.75, 358.95, 362.1, 364.2, 365.25, 365.25, 369.0, 370.5, 370.5, 370.5, 370.5, 370.5, 370.5, 370.5, 370.5, 370.5, 370.5, 370.5, 370.5, 371.29, 379.0, 380.79, 386.25, 396.75, 402.0, 412.5, 420.0, 423.0, 423.0, 423.0, 423.0, 423.0, 423.0, 423.0, 425.0, 444.0, 465.0, 500.7, 501.75, 527.9, 528.0, 528.0, 528.0, 528.0, 528.0, 554.25, 648.75, 649.8, 685.5, 685.5, 1499.25]"
2025-08-25T06:49:07.602687-04:00,318.0,318.0,318.0,,61,https://www.maizetix.com/games/171,"[318.0, 318.0, 318.0, 333.75, 335.85, 337.95, 339.0, 344.25, 344.25, 349.5, 354.75, 358.95, 362.1, 364.2, 365.25, 365.25, 369.0, 370.5, 370.5, 370.5, 370.5, 370.5, 370.5, 370.5, 370.5, 370.5, 370.5, 370.5, 370.5, 371.29, 379.0, 380.79, 386.25, 396.75, 402.0, 412.5, 420.0, 423.0, 423.0, 423.0, 423.0, 423.0, 423.0, 423.0, 425.0, 444.0, 465.0, 500.7, 501.75, 527.9, 528.0, 528.0, 528.0, 528.0, 528.0, 554.25, 648.75, 649.8, 685.5, 685.5, 1499.25]"
2025-08-25T06:56:11.754542-04:00,318.0,318.0,318.0,,61,https://www.maizetix.com/games/171,"[318.0, 318.0, 318.0, 333.75, 335.85, 337.95, 339.0, 344.25, 344.25, 349.5, 354.75, 358.95, 362.1, 364.2, 365.25, 365.25, 369.0, 370.5, 370.5, 370.5, 370.5, 370.5, 370.5, 370.5, 370.5, 370.5, 370.5, 370.5, 370.5, 371.29, 379.0, 380.79, 386.25, 396.75, 402.0, 412.5, 420.0, 423.0, 423.0, 423.0, 423.0, 423.0, 423.0, 423.0, 425.0, 444.0, 465.0, 500.7, 501.75, 527.9, 528.0, 528.0, 528.0, 528.0, 528.0, 554.25, 648.75, 649.8, 685.5, 685.5, 1499.25]"
